ID,SMILES,Precursor_Type,Instrument,Collision_Energy,Pred_M/Z,Pred_Intensity
0,O=S(=O)(O)CC(O)CN1CCN(CCO)CC1,M-H,QTOF,10,"41.800000000000004,50.0,55.0,58.0,59.0,61.800000000000004,63.800000000000004,64.0,64.8,65.8,66.0,68.8,72.0,73.0,77.0,80.80000000000001,82.0,92.0,93.0,96.80000000000001,99.0,108.0,113.0,114.0,116.0,118.80000000000001,124.0,128.0,131.0,142.0,143.0,144.0,146.0,152.8,153.0,156.0,158.8,160.8,161.0,162.0,164.0,167.0,168.8,169.0,171.0,174.0,177.0,180.0,183.0,185.0,186.8,187.0,189.0,190.0,193.0,196.0,197.0,201.0,203.0,212.0,214.0,218.8,226.0,228.0,231.0,236.0,239.0,240.0,243.0,245.0,247.0,252.0,253.0,255.0,255.20000000000002,256.0,257.0,258.0,259.0,265.0,268.8,270.0,271.0,271.2,272.0,275.0,279.2,282.0,283.0,284.0,285.0,286.0,288.0,290.0,291.0,296.0,298.0,300.0,301.2,303.2,307.0,311.20000000000005,313.0,313.20000000000005,314.0,317.0,318.0,319.0,323.20000000000005,325.0,326.0,330.0,331.0,335.0,338.0,339.0,339.20000000000005,340.0,341.8,342.0,343.0,349.20000000000005,353.0,355.20000000000005,363.0,367.20000000000005,375.20000000000005,377.0,378.20000000000005,380.0,383.20000000000005,385.20000000000005,386.0,391.20000000000005,397.8,400.20000000000005,401.20000000000005,406.0,408.0,415.20000000000005,434.0,439.0,456.20000000000005,460.20000000000005,462.0,462.20000000000005,464.0,494.20000000000005,501.20000000000005,528.2,585.2,641.2,701.4000000000001,790.4000000000001,803.2,861.0,904.2,965.4000000000001,1088.6000000000001,1283.4","0.003480881452560425,0.0010240282863378525,0.0018899893620982766,0.0025054735597223043,0.0013840611791238189,0.0017767674289643764,0.0029167637694627047,0.001105354167521,0.004178731236606836,0.0018183005740866065,0.0011539298575371504,0.002094223629683256,0.0021045738831162453,0.005314800888299942,0.003499658079817891,0.0017495793290436268,0.002003313507884741,0.0018322409596294165,0.001791699673049152,0.002661273581907153,0.0017162325093522668,0.010268581099808216,0.009570169262588024,0.007737672887742519,0.0015151906991377473,0.0016773034585639834,0.002858275780454278,0.0018342029070481658,0.007860845886170864,0.001888877828605473,0.00199898611754179,0.0033723621163517237,0.0012038430431857705,0.0028787546325474977,0.0030916763935238123,0.0015903633320704103,0.0030675416346639395,0.0027064725290983915,0.0010276712710037827,0.0026102673728019,0.0015308025758713484,0.002272641286253929,0.007365436293184757,0.0012305591953918338,0.001205858658067882,0.0010860750917345285,0.001385994954034686,0.0017740996554493904,0.0021896171383559704,0.00113023875746876,0.001021457719616592,0.0026189605705440044,0.004854321014136076,0.0010940523352473974,0.0011401548981666565,0.0024383922573179007,0.0017522090347483754,0.0021774068009108305,0.002726305276155472,0.0010946557158604264,0.0015204520896077156,0.0018302862299606204,0.002673865295946598,0.02304995246231556,0.002606333000585437,0.02326778694987297,0.0038473422173410654,0.004476817324757576,0.0034102369099855423,0.0027607420925050974,0.0013021567137911916,0.001535029150545597,0.0019045675871893764,0.0015576878795400262,0.0013784754555672407,0.0016713450895622373,0.003073310013860464,0.001030045561492443,0.0025201865937560797,0.0012887755874544382,0.003055666806176305,0.0010339001892134547,0.002408911008387804,0.002531386213377118,0.0022000151220709085,0.0011986072640866041,0.002884813118726015,0.007908887229859829,0.001210124115459621,0.003472927026450634,0.0013536234619095922,0.0018702123779803514,0.001249373541213572,0.006511144805699587,0.003292014356702566,0.0011765466770157218,0.0020136618986725807,0.007554033771157265,0.001167102251201868,0.0035382183268666267,0.006106348242610693,0.004898533690720797,0.0026373316068202257,0.0033806324936449528,0.001362270093522966,0.0013522441731765866,0.007553339470177889,0.0018919468857347965,0.0010969387367367744,0.0013496053870767355,0.002402320969849825,0.0010213565547019243,0.0015042680315673351,0.0011367466067895293,0.0014586616307497025,0.00108781224116683,0.0025269263423979282,0.0032214890234172344,0.0016596214845776558,0.0013679766561836004,0.0013501978246495128,0.006844542920589447,0.004278174135833979,0.003381777089089155,0.0021688754204660654,0.01655026525259018,0.0011730465339496732,0.003339405171573162,0.0019061858765780926,0.0010834798449650407,0.0016238411189988256,0.004205896984785795,0.0016445789951831102,0.00978992972522974,0.0016602401155978441,0.0022764788009226322,0.001778647885657847,0.0010851636761799455,0.0012427206384018064,0.003837097901850939,0.0011385373072698712,0.001976243918761611,0.002520565642043948,0.0010633061174303293,0.0015761536778882146,0.002521184738725424,0.0010124758118763566,0.0017189859645441175,0.002462216652929783,0.0015879375860095024,0.0021853484213352203,0.002007592236623168,0.001126971561461687,0.005624168086796999,0.006089113187044859,0.001312528271228075,0.0011513348435983062,0.0010852230479940772,0.0010375872952863574,0.001876029185950756"
1,O=S(=O)(O)CC(O)CN1CCN(CCO)CC1,M-H,QTOF,20,"43.0,45.800000000000004,50.0,58.0,59.0,61.800000000000004,63.800000000000004,64.8,68.8,73.0,75.0,77.0,79.80000000000001,80.80000000000001,85.0,92.0,99.0,108.0,111.0,113.0,114.0,118.80000000000001,123.0,124.0,128.0,131.0,132.0,133.0,139.8,142.0,143.0,144.0,145.0,149.0,150.0,152.8,153.0,158.8,160.8,161.0,162.0,164.0,168.8,169.0,173.0,179.0,180.0,181.0,185.0,186.0,187.0,188.0,189.0,191.0,193.0,195.0,196.0,197.0,200.0,203.0,214.0,217.0,219.0,221.0,226.0,228.0,231.0,235.0,236.0,237.0,239.0,240.0,243.0,245.0,247.0,252.0,253.0,254.0,255.20000000000002,256.0,257.0,258.0,259.0,265.0,274.0,275.0,279.2,281.0,281.2,282.0,284.0,287.2,289.0,289.2,290.0,291.0,296.0,297.0,300.0,301.0,301.2,303.2,306.0,307.0,311.20000000000005,313.0,313.20000000000005,318.0,319.0,325.20000000000005,326.0,331.20000000000005,333.0,334.0,339.20000000000005,340.0,341.20000000000005,341.8,342.0,346.20000000000005,348.0,349.20000000000005,351.20000000000005,352.20000000000005,353.0,355.20000000000005,367.20000000000005,371.20000000000005,373.20000000000005,377.0,382.20000000000005,383.20000000000005,385.20000000000005,389.20000000000005,391.20000000000005,393.0,397.8,400.20000000000005,401.20000000000005,407.20000000000005,415.20000000000005,434.0,462.0,494.20000000000005,501.20000000000005,528.2,615.2,628.6,641.2,775.6,790.4000000000001,803.2,965.4000000000001,1088.6000000000001","0.002218422247096896,0.0014427077258005738,0.001108657568693161,0.0035200940910726786,0.001259702374227345,0.0018221423961222172,0.002467939630150795,0.0031157529447227716,0.0012182946084067225,0.004006308037787676,0.002685823477804661,0.0022399986628443003,0.002034515608102083,0.004164667334407568,0.003442600602284074,0.001945769996382296,0.0037994966842234135,0.01300931815057993,0.0015400295378640294,0.0065500931814312935,0.005850310903042555,0.0017932881601154804,0.001336132874712348,0.00157576659694314,0.0010857591405510902,0.008408050052821636,0.00117166293784976,0.0035508661530911922,0.0012442284496501088,0.0014328004326671362,0.003968389239162207,0.002062870655208826,0.001292204950004816,0.002425320213660598,0.0023971109185367823,0.0032928185537457466,0.002635875716805458,0.007265510503202677,0.0055663101375103,0.0017152841901406646,0.0013582998653873801,0.0011752562131732702,0.005091271363198757,0.0010342025198042393,0.0011756833409890532,0.0020452169701457024,0.007639228366315365,0.0013724828604608774,0.0014095718506723642,0.0010355710983276367,0.0013050558045506477,0.001213863375596702,0.004221969749778509,0.0013525631511583924,0.001507508335635066,0.0018060024594888091,0.009122082963585854,0.0027299148496240377,0.005149781703948975,0.0036658081226050854,0.0054799471981823444,0.0029903347603976727,0.0012067393399775028,0.003988807555288076,0.0025946665555238724,0.03342005982995033,0.0010602864203974605,0.0014061294496059418,0.015202941372990608,0.0020089743193238974,0.0033473854418843985,0.010945151560008526,0.003622707910835743,0.00142182526178658,0.0019503067014738917,0.0027366902213543653,0.006439694669097662,0.002419870113953948,0.0024273390881717205,0.001054052379913628,0.0013020727783441544,0.002570879179984331,0.0015978340525180101,0.0017702082404866815,0.0014865741832181811,0.0013057856122031808,0.0021099650766700506,0.002110001863911748,0.0011806971160694957,0.019771330058574677,0.01681181788444519,0.001685210270807147,0.0026664528995752335,0.0010737503180280328,0.0018207597313448787,0.004167658276855946,0.0026713598053902388,0.002123868791386485,0.0023911953903734684,0.002887161448597908,0.0030328407883644104,0.004989035427570343,0.0010947794653475285,0.011456101201474667,0.0051617794670164585,0.001762387459166348,0.002999689197167754,0.003500167280435562,0.0014088673051446676,0.0021939182188361883,0.006964753847569227,0.002386361127719283,0.0010557963978499174,0.0015865997411310673,0.0046574268490076065,0.0021584145724773407,0.0010797807481139898,0.00188848574180156,0.0013742615701630712,0.0014653480611741543,0.0010796926217153668,0.01665441133081913,0.0013757385313510895,0.0010098242200911045,0.01128627359867096,0.005885186605155468,0.0412706695497036,0.002228877041488886,0.0017680854070931673,0.0035682274028658867,0.0016109510324895382,0.0017649829387664795,0.008217512629926205,0.0017799820052459836,0.01502299215644598,0.002301012398675084,0.0017870251322165132,0.0022803673055022955,0.001737573416903615,0.0013898562174290419,0.0016128468560054898,0.0023424983955919743,0.00199289433658123,0.0014381398214027286,0.0017628135392442346,0.0010838035959750414,0.0012221202487125993,0.0015866970643401146,0.0011418018257245421,0.001127122901380062,0.0018506231717765331,0.0025106891989707947,0.0010523463133722544,0.0012739608064293861"
2,O=S(=O)(O)CC(O)CN1CCN(CCO)CC1,M-H,QTOF,40,"41.0,41.800000000000004,43.0,57.800000000000004,61.800000000000004,63.800000000000004,64.8,65.0,74.0,75.0,76.80000000000001,77.0,78.0,78.80000000000001,79.80000000000001,80.0,80.80000000000001,85.0,86.0,93.80000000000001,94.80000000000001,95.80000000000001,106.80000000000001,114.0,119.0,120.80000000000001,121.0,123.0,124.0,125.0,134.0,135.0,142.0,143.0,144.0,149.0,150.0,152.0,152.8,154.0,155.0,155.8,156.0,159.0,168.0,168.8,170.0,178.0,180.0,184.0,186.0,188.0,194.0,195.0,196.0,200.0,212.0,213.0,214.0,218.8,225.0,228.0,237.0,238.0,239.0,240.0,248.0,253.0,281.2,282.0,283.0,284.0,299.0,301.2,313.0,314.0,319.0,333.0,334.0,343.0,353.0,367.20000000000005,391.20000000000005,393.0,416.20000000000005,498.20000000000005,498.8","0.0013193221529945731,0.019595114514231682,0.0016663498245179653,0.003658941015601158,0.007724312599748373,0.011079284362494946,0.0016741766594350338,0.0010843072086572647,0.002155529335141182,0.0014322252245619893,0.0010144449770450592,0.002398995216935873,0.0013414447894319892,0.0020026019774377346,0.6860879063606262,0.0017537272069603205,0.08797331899404526,0.0010817619040608406,0.0011706299846991897,0.0015406886814162135,0.0016786711057648063,0.0015268042916432023,0.014174198731780052,0.0010187639854848385,0.0014148359186947346,0.0012391661293804646,0.0032402833458036184,0.001185555593110621,0.07174825668334961,0.0012716299388557673,0.0028666863217949867,0.007249271962791681,0.001306712394580245,0.001282088807784021,0.0032052509486675262,0.001107202610000968,0.002158385468646884,0.004650612827390432,0.0010935732861980796,0.003982097376137972,0.002055378397926688,0.0019627162255346775,0.002312291879206896,0.0019309832714498043,0.0013396977446973324,0.0021122994367033243,0.0031595765613019466,0.013716579414904118,0.004852400626987219,0.003387742443010211,0.0021094069816172123,0.0017329774564132094,0.015310879796743393,0.002196428133174777,0.004057391546666622,0.0019633688498288393,0.004774012137204409,0.002840186934918165,0.006474403198808432,0.0011199796572327614,0.0011631529778242111,0.014864059165120125,0.0010801950702443719,0.0017382607329636812,0.004921732470393181,0.005072448868304491,0.0010373634286224842,0.0022150648292154074,0.0023073754273355007,0.0032820163760334253,0.0028135839384049177,0.0024743457324802876,0.001166504225693643,0.0013582592364400625,0.004779071547091007,0.0012662829831242561,0.0024424437433481216,0.002445590915158391,0.0012764104176312685,0.001900797593407333,0.00318348640576005,0.007630360312759876,0.004570276476442814,0.0010618605883792043,0.0014277504524216056,0.0015185184311121702,0.0012317519867792726"
3,O=S(=O)(O)CC(O)CN1CCN(CCO)CC1,M-H,QTOF,80,"41.800000000000004,59.0,61.800000000000004,63.800000000000004,64.8,76.80000000000001,77.80000000000001,79.80000000000001,80.0,80.80000000000001,93.80000000000001,94.80000000000001,95.80000000000001,98.80000000000001,106.0,106.80000000000001,107.0,108.0,120.80000000000001,124.0,155.8,156.0,178.0,180.0,189.8,194.0,195.0,314.0,363.0,446.20000000000005,472.20000000000005,498.20000000000005,498.8","0.06299098581075668,0.0011452381731942296,0.03311220929026604,0.037072986364364624,0.0030929117929190397,0.0016814173432067037,0.0038167655002325773,1.0,0.003636036068201065,0.09236869215965271,0.00143093999940902,0.0017953654751181602,0.002154718851670623,0.0012824004516005516,0.001074420171789825,0.019025377929210663,0.002217817585915327,0.002333008451387286,0.002817428670823574,0.06301414221525192,0.001272374764084816,0.004762260243296623,0.004660401958972216,0.0010001426562666893,0.0016910250997170806,0.0034672191832214594,0.0012051982339471579,0.0012284190161153674,0.0022839540615677834,0.0016908234683796763,0.0014087811578065157,0.0016441382467746735,0.0017648590728640556"
4,NC(CCCCn1cccc2nc(NCCCC(N)C(=O)O)nc1-2)C(=O)O,M-H,QTOF,10,"41.0,44.800000000000004,45.800000000000004,46.800000000000004,74.0,77.80000000000001,78.0,79.80000000000001,82.0,85.0,94.0,97.0,100.0,112.0,115.0,120.0,122.0,126.80000000000001,127.0,128.0,134.0,135.0,137.0,138.0,140.0,143.0,146.0,148.0,149.0,152.8,158.8,159.0,162.0,164.0,167.0,169.0,171.0,172.0,174.0,183.0,187.0,191.0,192.0,193.0,194.0,196.0,197.0,201.0,205.0,207.0,209.0,211.0,212.0,216.0,217.0,219.0,220.0,224.0,227.0,228.0,229.0,232.0,242.0,243.0,249.0,253.0,255.0,255.20000000000002,258.0,259.0,263.2,268.0,269.0,270.0,272.0,275.0,277.0,279.0,279.2,283.2,289.0,292.0,295.0,296.0,297.0,300.2,301.2,302.0,313.0,315.0,319.0,319.20000000000005,321.0,323.0,323.20000000000005,329.0,330.0,331.20000000000005,337.20000000000005,339.20000000000005,341.0,343.0,347.0,349.20000000000005,353.20000000000005,359.20000000000005,365.0,367.20000000000005,372.20000000000005,378.20000000000005,379.0,382.20000000000005,385.20000000000005,386.20000000000005,391.20000000000005,400.20000000000005,401.20000000000005,408.0,416.20000000000005,421.0,423.0,426.0,434.20000000000005,446.0,451.20000000000005,457.20000000000005,458.20000000000005,459.0,462.0,462.20000000000005,464.0,469.20000000000005,470.0,473.20000000000005,494.20000000000005,497.20000000000005,498.20000000000005,499.20000000000005,509.20000000000005,516.2,528.2,543.2,544.2,559.2,561.2,565.0,568.2,574.2,592.2,611.2,615.2,625.2,643.2,684.2,685.2,701.4000000000001,789.2,789.4000000000001,790.4000000000001,803.2,1018.4000000000001,1025.4,1026.4,1036.4,1043.4,1051.4,1071.2,1088.6000000000001,1099.4,1110.6000000000001,1252.6000000000001,1270.6000000000001,1288.6000000000001,1360.6000000000001","0.001706902519799769,0.0014895698986947536,0.0010794131085276604,0.0012448277557268739,0.0016699257539585233,0.0013610095484182239,0.0016942950896918774,0.0018569132080301642,0.002342745428904891,0.0015779505483806133,0.001040215021930635,0.0011532144853845239,0.001427947310730815,0.0011765894014388323,0.0010361315216869116,0.004294382408261299,0.0029607252217829227,0.0017830620054155588,0.002249011304229498,0.006367244757711887,0.002859364962205291,0.002083827741444111,0.002622883068397641,0.009052835404872894,0.001243095495738089,0.001581926946528256,0.0010173507034778595,0.0010272279614582658,0.001541365752927959,0.004502408672124147,0.0015617451863363385,0.0010814749402925372,0.0010465565137565136,0.003667282871901989,0.0015868822811171412,0.001450004638172686,0.004604440648108721,0.0032130652107298374,0.0016439594328403473,0.001412305049598217,0.0015820084372535348,0.001212771050632,0.003546156222000718,0.0010177885415032506,0.0011448269942775369,0.0027397912926971912,0.002598530612885952,0.0013274435186758637,0.0013760981382802129,0.0030223384965211153,0.0013056207681074739,0.001310043386183679,0.0010093396995216608,0.001017831964418292,0.004358456004410982,0.0023430187720805407,0.00282951258122921,0.0015630802372470498,0.004802281968295574,0.003621743293479085,0.002418793737888336,0.0016581190284341574,0.0014734802534803748,0.004804227501153946,0.0018575704889371991,0.0019258784595876932,0.002221369883045554,0.009947219863533974,0.0012374541256576777,0.0016783749451860785,0.002265005139634013,0.004316137637943029,0.001513065886683762,0.003483315696939826,0.0029934707563370466,0.007361127063632011,0.0010609563905745745,0.0016805968480184674,0.0025333452504128218,0.001189006376080215,0.0011385944671928883,0.0011752329301089048,0.002316479105502367,0.002788688289001584,0.0035130514297634363,0.0012409720802679658,0.0014144472079351544,0.0010224457364529371,0.0013426459627225995,0.0030084976460784674,0.0041106706485152245,0.0029190259519964457,0.002295468235388398,0.01577790454030037,0.001003909856081009,0.0010957664344459772,0.0032241006847471,0.0010583876864984632,0.0013617308577522635,0.0013613716000691056,0.00134592957329005,0.0028273887000977993,0.0016025695949792862,0.005843238439410925,0.001043638214468956,0.0010293283266946673,0.0097377123311162,0.01073114387691021,0.0021992626134306192,0.0023735365830361843,0.0012037701671943069,0.0010349011281505227,0.0014320751652121544,0.0014947419986128807,0.008580801077187061,0.0020113703794777393,0.0015985730569809675,0.001050219521857798,0.0019375886768102646,0.002051727846264839,0.001233670744113624,0.002321171574294567,0.0010542635573074222,0.0015049163484945893,0.001285539590753615,0.002920168684795499,0.0032201488502323627,0.0014551958302035928,0.0011225735070183873,0.004392764996737242,0.0012680889340117574,0.005069178529083729,0.0012573949061334133,0.005728148389607668,0.003782816929742694,0.00187373673543334,0.0012839814880862832,0.001713861944153905,0.0011907432926818728,0.0029390810523182154,0.002882343018427491,0.014314640313386917,0.0014437235658988357,0.006983169820159674,0.008434255607426167,0.002572844736278057,0.0016797170974314213,0.004965904168784618,0.0010077055776491761,0.0023702476173639297,0.0011307132663205266,0.009593295864760876,0.005339433439075947,0.0025743446312844753,0.0013335823314264417,0.001096894615329802,0.0018775885691866279,0.0014167051995173097,0.0030813016928732395,0.0014559866394847631,0.0033779761288315058,0.003340162103995681,0.0010880798799917102,0.003239454235881567,0.0027452590875327587,0.0027442481368780136,0.0022781644947826862,0.005392004735767841,0.001111210323870182,0.002890081377699971,0.0010595553321763873,0.0030006596352905035,0.0016596713103353977,0.0015653647715225816"
5,NC(CCCCn1cccc2nc(NCCCC(N)C(=O)O)nc1-2)C(=O)O,M-H,QTOF,20,"41.0,41.800000000000004,44.800000000000004,45.800000000000004,59.0,66.0,71.0,74.0,77.80000000000001,78.0,78.80000000000001,82.0,85.0,89.0,96.80000000000001,97.0,99.0,100.0,113.0,116.0,118.80000000000001,119.0,121.0,122.0,126.80000000000001,128.0,134.0,137.0,143.0,144.0,149.0,152.8,158.8,167.0,169.0,172.0,174.0,177.0,180.0,181.0,183.0,186.0,197.0,199.0,204.8,207.0,209.0,214.0,216.0,217.0,219.0,226.0,227.0,228.0,231.0,232.0,243.0,245.0,250.0,253.0,255.20000000000002,258.0,259.0,259.2,263.2,266.0,268.0,272.0,275.0,276.0,279.2,281.0,282.0,283.2,289.0,290.0,295.2,296.0,297.0,298.0,303.2,306.0,309.0,310.0,311.20000000000005,313.0,316.0,319.0,323.0,323.20000000000005,329.0,330.0,331.20000000000005,333.0,334.8,337.20000000000005,347.0,349.20000000000005,353.0,355.20000000000005,357.20000000000005,365.0,367.0,367.20000000000005,372.20000000000005,375.20000000000005,381.0,382.20000000000005,386.20000000000005,391.20000000000005,395.0,397.8,400.20000000000005,401.20000000000005,408.0,421.0,426.0,443.0,451.20000000000005,455.20000000000005,457.20000000000005,458.0,458.20000000000005,459.0,462.0,462.20000000000005,469.20000000000005,473.20000000000005,494.20000000000005,497.20000000000005,498.20000000000005,516.2,528.2,543.2,557.2,559.2,561.2,565.0,573.2,625.2,643.2,658.4000000000001,684.2,778.2,789.2,789.4000000000001,790.4000000000001,803.2,1018.4000000000001,1025.4,1026.4,1036.4,1043.4,1051.4,1088.6000000000001,1117.4,1270.6000000000001,1297.6000000000001,1360.6000000000001","0.0041321516036987305,0.0027469582855701447,0.001439493615180254,0.009444667026400566,0.0015621180646121502,0.0019343500025570393,0.0018249653512611985,0.0016981710214167833,0.00192807347048074,0.0015951247187331319,0.0023034377954900265,0.002705489983782172,0.00582109484821558,0.001945094671100378,0.0025835016276687384,0.0072722542099654675,0.0015115876449272037,0.0017338357865810394,0.007303968071937561,0.0028462051413953304,0.0018234758172184229,0.0039082798175513744,0.0027717123739421368,0.002649987116456032,0.00396279152482748,0.001712688826955855,0.004911055788397789,0.010177839547395706,0.0036988279316574335,0.001656520296819508,0.005049754865467548,0.0021083082538098097,0.0017035433556884527,0.004258647095412016,0.0036194156855344772,0.002395662944763899,0.00179961952380836,0.001967638498172164,0.00629020482301712,0.0037247054278850555,0.005423486698418856,0.00405134866014123,0.004601244814693928,0.001164544839411974,0.0024421156849712133,0.001948306686244905,0.0015502377646043897,0.0014906608266755939,0.003322435775771737,0.010391298681497574,0.0033850963227450848,0.0012736961944028735,0.009858626872301102,0.0014203119790181518,0.0020448616705834866,0.0010511893779039383,0.014598284848034382,0.002372216898947954,0.0018061164300888777,0.008138598874211311,0.004345612600445747,0.0015179538168013096,0.0011553714284673333,0.0011617281707003713,0.005465910769999027,0.0012013791128993034,0.0018838633550330997,0.008134676143527031,0.003812161972746253,0.001209072070196271,0.0012638712069019675,0.006191023159772158,0.0028462933842092752,0.0016954491147771478,0.0018651954596862197,0.0026080079842358828,0.0011538327671587467,0.0013971214648336172,0.002298130886629224,0.001981598325073719,0.0054604895412921906,0.0011873343028128147,0.0014503984712064266,0.0015247749397531152,0.0015721491072326899,0.0011534811928868294,0.00131090241484344,0.004837172571569681,0.019506147131323814,0.002830710494890809,0.001212730654515326,0.005730406381189823,0.0019092197762802243,0.0022797316778451204,0.0012163268402218819,0.0021922930609434843,0.001186487963423133,0.006702609825879335,0.004577801562845707,0.0010999913793057203,0.0014983454020693898,0.007228869944810867,0.0021779059898108244,0.0107375243678689,0.0012841451680287719,0.0014887854922562838,0.0010959114879369736,0.0016393355326727033,0.0017455408815294504,0.009919672273099422,0.0019934005104005337,0.0019036782905459404,0.0015874516684561968,0.002279834821820259,0.002395087853074074,0.0016716576647013426,0.0057017323561012745,0.001812309492379427,0.0016226040897890925,0.0017442739335820079,0.0019526330288499594,0.0015794601058587432,0.0012709819711744785,0.003140870714560151,0.0022262095008045435,0.004852935206145048,0.0028454596176743507,0.0030303618405014277,0.0038249653298407793,0.001346756238490343,0.001048305886797607,0.00134505913592875,0.00211309059523046,0.009266762994229794,0.001281853299587965,0.0043798889964818954,0.003117555985227227,0.003532032947987318,0.0015160033944994211,0.005492593627423048,0.0031704064458608627,0.0010142017854377627,0.002036790829151869,0.0013475435553118587,0.0014927542069926858,0.0013704579323530197,0.0010085407411679626,0.00128476123791188,0.0028104742523282766,0.0017683184705674648,0.0011638511205092072,0.0024283172097057104,0.002229248872026801,0.001050252583809197,0.0026744676288217306,0.0012800534022971988,0.0015842312714084983,0.0014221061719581485,0.0014681840548291802"
6,NC(CCCCn1cccc2nc(NCCCC(N)C(=O)O)nc1-2)C(=O)O,M-H,QTOF,40,"34.800000000000004,41.0,41.800000000000004,43.0,44.800000000000004,45.800000000000004,57.0,58.0,64.0,67.0,71.0,72.8,73.0,77.0,78.80000000000001,81.0,87.0,88.0,89.0,91.0,92.0,95.0,97.0,99.0,102.0,103.0,104.0,106.0,109.0,111.0,112.0,115.0,116.0,118.0,119.0,121.0,122.0,123.0,125.0,126.0,126.80000000000001,127.0,128.0,130.0,131.0,133.0,134.0,135.0,137.0,141.0,142.0,143.0,144.0,145.0,146.0,148.0,150.0,154.0,156.0,157.0,158.0,159.0,160.0,161.0,162.0,163.0,166.0,167.0,169.0,170.0,173.0,177.0,178.0,179.0,180.0,184.0,185.0,186.0,187.0,189.0,191.0,193.0,194.8,199.0,203.0,205.0,206.0,207.0,208.0,210.0,211.0,213.0,215.0,216.0,217.0,224.0,225.0,226.0,236.0,237.0,239.0,241.0,243.0,244.0,245.0,247.0,249.0,253.0,254.0,255.0,260.0,261.0,262.0,264.0,266.0,267.0,268.0,270.0,272.0,273.0,274.0,275.0,277.0,278.0,279.0,280.0,281.0,282.0,284.0,288.0,290.0,291.0,293.0,295.0,298.0,303.2,306.0,309.0,313.0,316.0,321.0,322.0,323.0,325.0,331.0,333.0,333.20000000000005,334.0,335.0,339.0,340.0,349.0,351.0,353.0,357.20000000000005,361.0,367.20000000000005,375.0,382.20000000000005,393.0,401.20000000000005,421.0,436.20000000000005,443.0,459.0,462.0,477.0,505.0,545.0,565.0,615.2,624.2,789.2,861.0","0.001155968988314271,0.006597008090466261,0.0816829726099968,0.0014389342395588756,0.002420094097033143,0.007878970354795456,0.005915506277233362,0.0011088079772889614,0.0011496634688228369,0.0014943307032808661,0.023911844938993454,0.0030151649843901396,0.024309512227773666,0.001204370753839612,0.002538764150813222,0.00316507532261312,0.018197335302829742,0.0047673252411186695,0.004854465369135141,0.0013165053678676486,0.0013717241818085313,0.0016498786862939596,0.0249071903526783,0.021361202001571655,0.001663045841269195,0.0032734961714595556,0.0010138925863429904,0.007496475707739592,0.021073170006275177,0.005051722284406424,0.0019534050952643156,0.0010388980153948069,0.02496691793203354,0.0012811515480279922,0.008251975290477276,0.0036937410477548838,0.004064273089170456,0.0040148585103452206,0.012417161837220192,0.0019657518714666367,0.006421217229217291,0.03163886442780495,0.01022232137620449,0.004553719889372587,0.003595749381929636,0.11488274484872818,0.014131162315607071,0.0031252193730324507,0.028340661898255348,0.0013331216759979725,0.002784470794722438,0.0011233467375859618,0.03405163437128067,0.018421640619635582,0.003393197664991021,0.004875078331679106,0.0011240366147831082,0.009908828884363174,0.004375023301690817,0.01428772509098053,0.005138966720551252,0.0020469585433602333,0.005705461837351322,0.01113672461360693,0.002794720232486725,0.005653807427734137,0.0033571328967809677,0.003947591409087181,0.004769660998135805,0.004869034979492426,0.0014801759971305728,0.0036521502770483494,0.0011841780506074429,0.014834682457149029,0.019323376938700676,0.004913691896945238,0.003923133481293917,0.0010876471642404795,0.007060033269226551,0.008087396621704102,0.0010078998748213053,0.0037543089129030704,0.0014168998459354043,0.0017623596359044313,0.0010673141805455089,0.002075694501399994,0.0012106496142223477,0.002789757214486599,0.002034262754023075,0.005606804043054581,0.009177061729133129,0.0030926852487027645,0.0011324355145916343,0.007739135529845953,0.034599803388118744,0.003328102407976985,0.0016355087282136083,0.008980490267276764,0.0072031160816550255,0.0046936748549342155,0.0019215178908780217,0.006385882385075092,0.013937301933765411,0.005872406531125307,0.004375622607767582,0.0031029211822897196,0.006803549826145172,0.0032423411030322313,0.003301367163658142,0.00881883967667818,0.0011131096398457885,0.002158545656129718,0.0026717865839600563,0.006970613729208708,0.0027475820388644934,0.00243337731808424,0.001954961335286498,0.0026972924824804068,0.05956912040710449,0.025564653798937798,0.0011410292936488986,0.0018271183362230659,0.003879143623635173,0.0012122265761718154,0.0010650852927938104,0.0010107284178957343,0.0021694025490432978,0.001814413582906127,0.001132991979829967,0.002335209399461746,0.004204938188195229,0.001228555105626583,0.009050851687788963,0.004293509293347597,0.0011357670882716775,0.0016592411557212472,0.006099849008023739,0.006124535109847784,0.0023041374515742064,0.0012973472476005554,0.0020193085074424744,0.00210188957862556,0.013174956664443016,0.0010695956880226731,0.0023963223211467266,0.0036172724794596434,0.0013309471542015672,0.0010844927746802568,0.0025755830574780703,0.004903515800833702,0.004445603117346764,0.0011891672620549798,0.001745550544001162,0.0026980063412338495,0.0010688467882573605,0.0012245886027812958,0.0021190850529819727,0.0035466388799250126,0.0011252344120293856,0.004092116840183735,0.0010930325370281935,0.002298641949892044,0.0010365907801315188,0.001302196178585291,0.0017628163332119584,0.0012625951785594225,0.0013644089922308922,0.0011474633356556296,0.0020346881356090307,0.0015921569429337978,0.0011670496314764023,0.0011877507204189897,0.001114332233555615,0.001344186719506979"
7,CC(=O)NCCCCNCCCN,M-H,QTOF,0,"34.800000000000004,41.0,41.800000000000004,43.0,45.800000000000004,69.0,71.0,72.0,72.8,78.80000000000001,79.80000000000001,83.0,88.0,93.0,95.0,99.0,101.0,102.0,108.0,109.0,110.0,111.0,113.0,114.0,116.0,122.0,123.0,126.80000000000001,127.0,128.0,131.0,133.0,134.0,135.0,137.0,145.0,152.8,158.0,159.0,168.0,168.8,169.0,170.0,172.0,176.0,177.0,179.0,181.0,184.0,187.0,195.0,198.0,199.0,200.0,208.0,209.0,210.0,211.0,215.0,218.8,221.0,224.0,226.0,229.0,233.0,237.0,237.20000000000002,238.0,239.0,241.0,245.0,246.0,247.0,248.0,249.0,255.20000000000002,256.0,263.0,263.2,265.0,268.0,275.0,278.0,286.0,291.0,294.0,295.0,298.0,299.0,299.2,301.2,302.0,303.2,307.0,308.0,311.0,311.20000000000005,312.0,313.0,313.20000000000005,314.20000000000005,317.0,317.20000000000005,323.0,324.0,325.0,327.20000000000005,331.0,333.0,334.0,334.20000000000005,336.20000000000005,337.0,337.20000000000005,339.0,341.20000000000005,342.20000000000005,343.0,345.0,349.20000000000005,351.0,352.0,352.20000000000005,354.0,355.0,355.20000000000005,357.0,359.20000000000005,360.20000000000005,361.0,364.0,365.0,367.20000000000005,372.20000000000005,377.0,377.20000000000005,378.20000000000005,382.20000000000005,385.20000000000005,391.20000000000005,393.20000000000005,395.0,396.20000000000005,397.8,398.20000000000005,400.20000000000005,403.0,407.20000000000005,415.8,416.20000000000005,423.0,424.20000000000005,442.20000000000005,451.20000000000005,455.20000000000005,456.20000000000005,459.0,460.20000000000005,462.20000000000005,469.20000000000005,472.0,473.20000000000005,494.20000000000005,497.20000000000005,516.2,528.2,543.2,548.2,549.2,559.2,560.2,561.2,568.2,585.2,592.2,611.2,625.2,643.2,701.4000000000001,789.2,790.4000000000001,802.4000000000001,803.2,1018.4000000000001,1088.6000000000001","0.002634024014696479,0.002570947166532278,0.011556918732821941,0.005688523408025503,0.010363426990807056,0.001169506344012916,0.0018647044198587537,0.001137194805778563,0.0010701001156121492,0.004296559374779463,0.0011658737203106284,0.002323118271306157,0.0017717325827106833,0.0030652040150016546,0.0011764508672058582,0.0012402429711073637,0.00330896838568151,0.003645080141723156,0.002585813170298934,0.0015941598685458302,0.001012770109809935,0.001161813037469983,0.012874213978648186,0.0023219790309667587,0.0014341330388560891,0.005144416354596615,0.003719500033184886,0.0012786779552698135,0.001683608046732843,0.0028515022713690996,0.0012017815606668591,0.0020790158305317163,0.0036553090903908014,0.002458444330841303,0.00448365043848753,0.003456022124737501,0.0036163378972560167,0.001317696995101869,0.0011115146335214376,0.008781392127275467,0.0013158420333638787,0.004419704899191856,0.005116905551403761,0.005010130349546671,0.0016216705553233624,0.0013049427652731538,0.0030942901503294706,0.0017341953935101628,0.0017525586299598217,0.003322261618450284,0.007422971073538065,0.002856696955859661,0.007328786887228489,0.001251540263183415,0.0015943710459396243,0.010512372478842735,0.0033704680390655994,0.0017350285779684782,0.00112060212995857,0.0013683561701327562,0.0022421509493142366,0.003234412521123886,0.0016804068582132459,0.004083848092705011,0.0011685645440593362,0.004638053011149168,0.0010861268965527415,0.0011215542908757925,0.006337997503578663,0.0014306486118584871,0.001666522934101522,0.0018427903996780515,0.001659731613472104,0.0014907827135175467,0.00152751209679991,0.0025050784461200237,0.001472490024752915,0.0018228827975690365,0.004474340006709099,0.0017634665127843618,0.0029911729507148266,0.0011505692964419723,0.00553582888096571,0.0032462002709507942,0.0021140072494745255,0.002056822879239917,0.002412043046206236,0.00217060768045485,0.003614132758229971,0.009526980109512806,0.0026780918706208467,0.0011950323823839426,0.0019153241300955415,0.006487612146884203,0.001345549593679607,0.0012205177918076515,0.007503504864871502,0.0014811423607170582,0.002598855411633849,0.0011596844997256994,0.001315096509642899,0.0011083725839853287,0.008399143815040588,0.0014655360719189048,0.002643217332661152,0.0013235212536528707,0.0010998480720445514,0.0024030758067965508,0.004721865523606539,0.002515455475077033,0.0013852136908099055,0.001188189024105668,0.001477514160797,0.0017533497884869576,0.001948707620613277,0.0012223324738442898,0.0013602752005681396,0.004738490562886,0.0013105234829708934,0.0011739745968952775,0.0011760680936276913,0.0029028153512626886,0.001881000236608088,0.0020147673785686493,0.0027736767660826445,0.0017546446761116385,0.0012631227727979422,0.00644157687202096,0.0010443077189847827,0.002120110671967268,0.0012849345803260803,0.0034375202376395464,0.038023509085178375,0.004140365403145552,0.002198124537244439,0.0023777401074767113,0.0038073931355029345,0.0011697292793542147,0.005600701551884413,0.007844487205147743,0.0011564260348677635,0.0015342151746153831,0.0014896368375048041,0.0018394741928204894,0.0012552153784781694,0.0028449497185647488,0.001566544990055263,0.00138838030397892,0.001190203707665205,0.0052233305759727955,0.0017377883195877075,0.0011740000918507576,0.0013724014861509204,0.004562302492558956,0.0016745278844609857,0.001264115679077804,0.0024995459243655205,0.0014594212407246232,0.012544803321361542,0.004103970248252153,0.0011517644161358476,0.0024186563678085804,0.005548073444515467,0.0010042779613286257,0.003656721906736493,0.005583758931607008,0.005352706182748079,0.003035286907106638,0.0011797152692452073,0.004160026554018259,0.004205735400319099,0.0012491194065660238,0.0021396386437118053,0.002068978501483798,0.0020016187336295843,0.0012316046049818397,0.0029741106554865837,0.0036674959119409323,0.0013166170101612806,0.0010802705073729157,0.013315890915691853,0.0030597387813031673,0.001497685327194631,0.0011484362185001373,0.0033863286953419447"
8,CC(=O)NCCCCNCCCN,M-H,QTOF,1,"34.800000000000004,41.0,41.800000000000004,43.0,45.800000000000004,50.0,58.0,59.0,63.800000000000004,77.0,78.80000000000001,87.0,95.0,96.80000000000001,99.0,101.0,102.0,108.0,109.0,111.0,113.0,114.0,116.0,122.0,123.0,126.80000000000001,127.0,128.0,133.0,134.0,135.0,137.0,145.0,149.0,152.8,155.0,156.0,168.0,169.0,170.0,172.0,179.0,186.0,187.0,194.8,195.0,198.0,199.0,200.0,205.0,209.0,210.0,215.0,219.0,221.0,224.0,226.0,229.0,233.0,235.0,237.0,238.0,239.0,241.0,248.0,249.0,250.0,253.0,255.20000000000002,256.0,258.0,259.0,263.0,263.2,264.0,265.0,269.0,275.0,278.0,283.2,286.0,294.0,295.0,298.0,299.0,299.2,301.0,301.2,303.2,307.0,311.20000000000005,312.0,315.0,317.20000000000005,318.0,319.0,319.20000000000005,323.20000000000005,324.0,327.20000000000005,328.20000000000005,331.0,333.0,334.0,337.0,337.20000000000005,338.0,339.0,339.20000000000005,340.20000000000005,341.20000000000005,343.0,350.0,351.0,352.0,354.0,355.0,358.0,359.20000000000005,361.0,364.0,365.0,367.20000000000005,368.0,372.20000000000005,377.0,377.20000000000005,378.20000000000005,385.20000000000005,391.20000000000005,393.0,393.20000000000005,395.0,399.0,400.20000000000005,407.20000000000005,416.20000000000005,423.0,426.0,442.20000000000005,451.20000000000005,455.20000000000005,459.0,462.20000000000005,469.20000000000005,473.20000000000005,494.20000000000005,497.20000000000005,499.20000000000005,516.2,528.2,543.2,548.2,559.2,560.2,561.2,568.2,585.2,592.2,611.2,625.2,643.2,701.4000000000001,790.4000000000001,802.4000000000001,803.2,1018.4000000000001,1088.6000000000001","0.004918162245303392,0.0014466576976701617,0.02021126076579094,0.006301568355411291,0.002933415351435542,0.001222731894813478,0.0010378092993050814,0.0010356607381254435,0.001580665702931583,0.0020116313826292753,0.007334671448916197,0.0030021839775145054,0.0010243274737149477,0.0011969280894845724,0.003489510389044881,0.004299649968743324,0.0037830777000635862,0.0030090967193245888,0.0010647395392879844,0.0011847153073176742,0.013989620842039585,0.0024450256023555994,0.002992551540955901,0.0026035080663859844,0.00237605650909245,0.0027664974331855774,0.00136302481405437,0.00436443230137229,0.0023504835553467274,0.0018515874398872256,0.001489067217335105,0.0011545154266059399,0.0019863098859786987,0.0014771934365853667,0.00562122231349349,0.002264415379613638,0.0012687804410234094,0.004019274841994047,0.0048478394746780396,0.0046368069015443325,0.004501816350966692,0.0016759077552706003,0.0010510352440178394,0.0026352074928581715,0.0014139090199023485,0.002674760529771447,0.0025207989383488894,0.00929044745862484,0.0010458480101078749,0.0015083493199199438,0.00556110730394721,0.0037480012979358435,0.0016417355509474874,0.0019214095082134008,0.0018597174203023314,0.003585298079997301,0.0015919898869469762,0.002988225780427456,0.0014592930674552917,0.0011458017397671938,0.006036873906850815,0.0012405534507706761,0.002299081301316619,0.002853678073734045,0.0014454299816861749,0.0028831518720835447,0.0014144754968583584,0.0023362196516245604,0.0023174851667135954,0.002123345620930195,0.00368844554759562,0.0013863430358469486,0.0035132598131895065,0.005617381073534489,0.0016556958435103297,0.002840436529368162,0.0013718566624447703,0.0023281725589185953,0.003257154021412134,0.0010298003908246756,0.005559921730309725,0.002466260688379407,0.0028370432555675507,0.0014360460918396711,0.0044638048857450485,0.008709821850061417,0.0026988934259861708,0.0024207462556660175,0.0015720372321084142,0.0026986203156411648,0.00796318706125021,0.0019603348337113857,0.0012544544879347086,0.007268889807164669,0.0011695511639118195,0.003133105579763651,0.0021099343430250883,0.0012324113631621003,0.003416400169953704,0.002048667287454009,0.0010467278771102428,0.001274186884984374,0.0027962778694927692,0.0033578688744455576,0.0010040715569630265,0.0033198983874171972,0.0010689973132684827,0.0014720349572598934,0.0013622456463053823,0.0010392492404207587,0.0025175258051604033,0.003004851983860135,0.0012871698709204793,0.002353444928303361,0.0028295323718339205,0.0014736633747816086,0.0034522353671491146,0.0010554969776421785,0.004120879340916872,0.0014599210117012262,0.0013851970434188843,0.004659196361899376,0.023307280614972115,0.0013503379886969924,0.002099553355947137,0.0019042313797399402,0.0031371526420116425,0.0021423795260488987,0.004426971077919006,0.007586960215121508,0.0014035261701792479,0.0010780112352222204,0.002123463898897171,0.001245231251232326,0.0017819801578298211,0.0010287766344845295,0.001914427848532796,0.002298068255186081,0.002367252018302679,0.0011423290707170963,0.003834030358120799,0.0011514167999848723,0.0035066481214016676,0.01364679541438818,0.006077827885746956,0.0032049131114035845,0.005113687831908464,0.0013918926706537604,0.0013781037414446473,0.0033116259146481752,0.005356007721275091,0.008577287197113037,0.0023042610846459866,0.00334902829490602,0.002858618274331093,0.0021436649840325117,0.0023411493748426437,0.002595306374132633,0.0023036710917949677,0.001590193947777152,0.005942420568317175,0.004973357077687979,0.0022609280422329903,0.011964989826083183,0.002279051812365651,0.002801961963996291,0.0015007207402959466,0.0039098430424928665"
9,CC(=O)NCCCCNCCCN,M-H,QTOF,3,"34.800000000000004,41.0,41.800000000000004,43.0,45.800000000000004,58.0,69.0,71.0,77.0,78.80000000000001,80.0,82.0,83.0,88.0,93.0,95.0,101.0,102.0,108.0,109.0,111.0,113.0,114.0,116.0,122.0,123.0,126.80000000000001,128.0,133.0,134.0,135.0,137.0,145.0,152.8,159.0,165.0,168.0,168.8,169.0,170.0,172.0,175.0,179.0,181.0,183.0,187.0,195.0,198.0,199.0,208.0,209.0,210.0,211.0,215.0,218.8,223.0,224.0,226.0,229.0,231.0,235.0,236.0,237.0,238.0,239.0,241.0,248.0,249.0,250.0,255.20000000000002,256.0,263.0,263.2,265.0,269.0,275.0,278.0,283.2,286.0,288.0,291.0,294.0,295.0,298.0,299.0,299.2,301.2,303.2,307.0,308.0,311.20000000000005,313.0,314.20000000000005,317.20000000000005,319.0,319.20000000000005,320.0,324.0,327.20000000000005,331.0,331.20000000000005,333.0,334.0,334.20000000000005,336.20000000000005,337.0,337.20000000000005,339.0,339.20000000000005,341.20000000000005,342.20000000000005,343.0,345.0,345.20000000000005,349.20000000000005,352.0,352.20000000000005,354.0,355.20000000000005,357.0,359.20000000000005,360.20000000000005,361.0,364.0,365.0,367.20000000000005,372.20000000000005,377.0,377.20000000000005,378.20000000000005,382.20000000000005,385.20000000000005,391.20000000000005,393.20000000000005,395.0,397.8,398.20000000000005,400.20000000000005,401.20000000000005,403.0,407.20000000000005,415.8,416.20000000000005,423.0,424.20000000000005,429.20000000000005,442.20000000000005,451.20000000000005,455.20000000000005,456.20000000000005,459.0,460.20000000000005,462.20000000000005,469.20000000000005,473.20000000000005,494.20000000000005,500.20000000000005,516.2,528.2,543.2,548.2,549.2,559.2,560.2,561.2,568.2,585.2,592.2,625.2,643.2,790.4000000000001,802.4000000000001,803.2,1018.4000000000001,1088.6000000000001","0.003045125864446163,0.0017985427984967828,0.0076002087444067,0.00901507493108511,0.011644630692899227,0.0016309716738760471,0.0013807167997583747,0.0013592251343652606,0.0014708326198160648,0.005255993455648422,0.001120239496231079,0.0014245968777686357,0.0018254924798384309,0.0011553793447092175,0.002831015968695283,0.001680464600212872,0.0029274174012243748,0.002294301986694336,0.0028113725129514933,0.002509074052795768,0.0013041617348790169,0.015866145491600037,0.00348282721824944,0.0022995653562247753,0.004839726258069277,0.003314052941277623,0.002945853164419532,0.0026172182988375425,0.002287906827405095,0.0026847664266824722,0.0018924508476629853,0.0039697024039924145,0.0027908915653824806,0.0037144869565963745,0.002250848338007927,0.001647750730626285,0.007795705460011959,0.001603201380930841,0.004108852706849575,0.004424554295837879,0.004653759766370058,0.0018881577998399734,0.003324663732200861,0.0017629850190132856,0.002233711536973715,0.002623951295390725,0.0035520559176802635,0.0024770486634224653,0.006316222250461578,0.001627773279324174,0.009293386712670326,0.0040281834080815315,0.001699460786767304,0.0011339870980009437,0.001138519262894988,0.001039403839968145,0.002888307673856616,0.001955237239599228,0.0027605495415627956,0.0013617674121633172,0.0015257500344887376,0.0014005034463480115,0.0066753048449754715,0.0010454810690134764,0.0013318342389538884,0.001294698566198349,0.0013461672933772206,0.0013128470163792372,0.002613513497635722,0.003628241829574108,0.0012549475068226457,0.0012223288649693131,0.005699028726667166,0.001548189902678132,0.0015256518963724375,0.0016898252069950104,0.004037898499518633,0.0011445247801020741,0.003883355762809515,0.0013710708590224385,0.0025885719805955887,0.0013101447839289904,0.0014018923975527287,0.0016983647365123034,0.004164134152233601,0.010305603966116905,0.006686308886855841,0.008635650388896465,0.004799932707101107,0.0014302763156592846,0.011772428639233112,0.001319429837167263,0.0012547329533845186,0.008935701102018356,0.001653132145293057,0.0012329404707998037,0.001167216571047902,0.002948737470433116,0.001068837707862258,0.0014058137312531471,0.0012162774801254272,0.00294056860730052,0.003551932517439127,0.0011946465820074081,0.0012073713587597013,0.0011904188431799412,0.0031977701000869274,0.002169431187212467,0.0019194302149116993,0.0016337643610313535,0.001488650101236999,0.0026384599041193724,0.0011088419705629349,0.0013335727853700519,0.00269150803796947,0.0022947981487959623,0.00246222666464746,0.002079791622236371,0.003957899287343025,0.0011973358923569322,0.0041530076414346695,0.001022157957777381,0.0015687353443354368,0.0010620392858982086,0.00230034370906651,0.051290858536958694,0.003890627296641469,0.0021733844187110662,0.00238355016335845,0.004277462605386972,0.001302624004893005,0.008178794756531715,0.009070264175534248,0.0014048663433641195,0.001026697689667344,0.0015246198745444417,0.0011331504210829735,0.0027163655031472445,0.0011506116716191173,0.0010732110822573304,0.0017105370061472058,0.0010188398882746696,0.004432485438883305,0.0014639970613643527,0.0013310819631442428,0.001240758690983057,0.0016239384422078729,0.0040077040903270245,0.0014207505155354738,0.001625905279070139,0.002220587572082877,0.0020463229157030582,0.012455820105969906,0.002691682195290923,0.002050791634246707,0.006102429702877998,0.0011668544029816985,0.0036945610772818327,0.006153167225420475,0.004399813245981932,0.0023166052997112274,0.0010474725859239697,0.004602681379765272,0.003707421012222767,0.0010996173368766904,0.002022487809881568,0.0010954722529277205,0.0016539273783564568,0.003036141162738204,0.0030388885643333197,0.011599427089095116,0.002482839161530137,0.0015344193670898676,0.0010187658481299877,0.0038923067040741444"
10,CC(=O)NCCCCNCCCN,M-H,QTOF,5,"34.800000000000004,41.0,41.800000000000004,43.0,44.0,44.800000000000004,45.800000000000004,58.0,61.800000000000004,69.0,77.0,78.80000000000001,83.0,90.0,93.0,97.0,108.0,109.0,113.0,114.0,116.0,118.0,122.0,123.0,126.80000000000001,128.0,132.0,134.0,135.0,137.0,145.0,152.8,159.0,161.0,165.0,168.0,169.0,170.0,171.0,172.0,175.0,177.0,179.0,181.0,185.0,187.0,189.0,193.0,195.0,199.0,205.0,209.0,210.0,216.0,221.0,223.0,224.0,226.0,229.0,237.0,250.0,251.0,255.0,255.20000000000002,256.0,263.0,263.2,265.0,266.0,268.0,269.0,270.0,275.0,278.0,279.2,283.2,286.0,288.0,291.0,292.0,295.0,298.0,299.0,299.2,301.2,303.2,307.0,309.0,310.0,311.20000000000005,312.0,313.20000000000005,314.20000000000005,317.0,317.20000000000005,319.20000000000005,320.0,323.20000000000005,324.0,325.20000000000005,331.20000000000005,333.0,334.0,336.20000000000005,337.20000000000005,338.0,339.0,340.0,341.20000000000005,342.20000000000005,345.0,345.20000000000005,349.20000000000005,352.0,352.20000000000005,353.20000000000005,354.0,355.20000000000005,357.0,359.20000000000005,360.20000000000005,361.0,366.0,367.20000000000005,371.0,372.20000000000005,377.0,377.20000000000005,378.20000000000005,382.20000000000005,383.20000000000005,385.20000000000005,391.20000000000005,393.20000000000005,400.20000000000005,401.20000000000005,407.20000000000005,416.20000000000005,429.20000000000005,438.20000000000005,442.20000000000005,451.20000000000005,455.20000000000005,456.20000000000005,459.0,460.20000000000005,462.20000000000005,469.20000000000005,473.20000000000005,494.20000000000005,500.20000000000005,516.2,528.2,543.2,548.2,559.2,560.2,565.0,568.2,592.2,615.2,625.2,643.2,684.2,790.4000000000001,802.4000000000001,803.2,1088.6000000000001","0.004055862780660391,0.0020057689398527145,0.007117695175111294,0.007986222393810749,0.0011275163851678371,0.0010079274652525783,0.01161592174321413,0.004196380265057087,0.0013332462403923273,0.0010310100624337792,0.001876060850918293,0.004916607402265072,0.00162124028429389,0.001036817324347794,0.0016321068396791816,0.0013961335644125938,0.0018099171575158834,0.0037712061312049627,0.012335354462265968,0.0031019842717796564,0.0011932998895645142,0.0015072696842253208,0.006098030135035515,0.003420508000999689,0.002199938055127859,0.0017629452049732208,0.001148971845395863,0.002766340970993042,0.0013559646904468536,0.003500117687508464,0.0010835629655048251,0.0026972757186740637,0.004638237878680229,0.0013710366329178214,0.002161777811124921,0.004820963833481073,0.0020956320222467184,0.0017051819013431668,0.0014465401181951165,0.00254420330747962,0.003323230892419815,0.002912734868004918,0.002936356933787465,0.0014827095437794924,0.0012848256155848503,0.0032867214176803827,0.0014412928139790893,0.001658749533817172,0.0024477264378219843,0.005574744660407305,0.00126154616009444,0.011014222167432308,0.0019439536845311522,0.0014408620772883296,0.0013724371092393994,0.002140646567568183,0.0015128259547054768,0.0028162961825728416,0.002347419271245599,0.010085341520607471,0.0018587899394333363,0.0013942933874204755,0.001325130113400519,0.003923989366739988,0.0014753184514120221,0.0010418674210086465,0.003955507185310125,0.0018725668778643012,0.0025772391818463802,0.0024647177197039127,0.002636380260810256,0.0011488336604088545,0.0038457189220935106,0.0035541094839572906,0.0011954419314861298,0.0015203669900074601,0.0031489364337176085,0.0018066028133034706,0.004900525789707899,0.0011405078694224358,0.003237533150240779,0.0014217364368960261,0.004832625854760408,0.006803011521697044,0.0124418456107378,0.0110571114346385,0.002665907144546509,0.00417671725153923,0.003932526800781488,0.00914086028933525,0.001865923055447638,0.0010321115842089057,0.0010322468588128686,0.0018207549583166838,0.005421305075287819,0.0012675574980676174,0.002178461756557226,0.0015448462218046188,0.002234614919871092,0.0010437261080369353,0.0025718212127685547,0.0027942240703850985,0.002472525928169489,0.001565164653584361,0.0010251522762700915,0.001098931534215808,0.002225866075605154,0.001875750720500946,0.0017843024106696248,0.001592425163835287,0.0012720898957923055,0.0018239151686429977,0.0057121822610497475,0.0012263973476365209,0.002433702116832137,0.0018799728713929653,0.0028326690662652254,0.002230598358437419,0.0015039152931421995,0.00770973414182663,0.001229958375915885,0.0010171931935474277,0.0014918334782123566,0.06511946767568588,0.0015426120953634381,0.004479233641177416,0.0021459879353642464,0.0025771581567823887,0.002938327379524708,0.002223050221800804,0.0012933391844853759,0.010978649370372295,0.005878528580069542,0.0010520891519263387,0.0028285186272114515,0.001959808636456728,0.0015541000757366419,0.007060825824737549,0.0015110294334590435,0.0011123903095722198,0.0014467911096289754,0.0037930787075310946,0.0017271885881200433,0.0011796988546848297,0.0015442214207723737,0.0025571100413799286,0.01195605006068945,0.0018365045543760061,0.0021696833427995443,0.007781761698424816,0.001036955276504159,0.00419206079095602,0.006943562068045139,0.0019976503681391478,0.0015934245893731713,0.005613309796899557,0.0036984242033213377,0.0010976165067404509,0.00120155094191432,0.0011450062738731503,0.0010824149940162897,0.0013312570517882705,0.0012871818616986275,0.0012424667365849018,0.007511144503951073,0.0015257203485816717,0.0016902178758755326,0.0029906192794442177"
11,CC(=O)NCCCCNCCCN,M-H,QTOF,7,"32.800000000000004,34.800000000000004,41.0,41.800000000000004,43.0,45.800000000000004,58.0,68.8,77.0,79.0,82.0,85.0,90.0,93.0,95.0,96.0,96.80000000000001,101.0,107.0,109.0,113.0,114.0,119.0,120.0,122.0,123.0,126.80000000000001,128.0,131.0,134.0,135.0,137.0,140.0,142.0,152.8,153.0,155.0,156.0,157.0,159.0,168.0,170.0,172.0,175.0,179.0,181.0,183.0,187.0,193.0,198.0,199.0,200.0,209.0,210.0,211.0,212.0,217.0,219.0,223.0,225.0,229.0,231.0,235.0,237.0,238.0,250.0,255.0,255.20000000000002,256.0,257.0,259.0,259.2,263.2,265.0,265.2,268.2,269.0,275.0,276.0,278.0,282.0,283.0,286.0,288.0,291.0,292.0,293.2,296.0,296.2,297.0,299.0,299.2,300.2,301.2,303.0,303.2,309.0,310.0,311.20000000000005,314.20000000000005,317.20000000000005,319.0,319.20000000000005,320.0,321.0,323.20000000000005,324.20000000000005,331.20000000000005,333.0,334.0,334.20000000000005,336.20000000000005,337.20000000000005,338.0,339.20000000000005,341.20000000000005,342.20000000000005,349.20000000000005,352.20000000000005,353.0,354.0,355.20000000000005,359.20000000000005,360.20000000000005,367.20000000000005,372.20000000000005,378.20000000000005,382.20000000000005,383.20000000000005,385.20000000000005,391.20000000000005,398.20000000000005,400.20000000000005,401.20000000000005,407.20000000000005,416.20000000000005,423.0,424.20000000000005,429.20000000000005,451.20000000000005,456.20000000000005,459.0,460.20000000000005,462.20000000000005,469.20000000000005,470.0,473.20000000000005,494.20000000000005,499.20000000000005,500.0,500.20000000000005,516.2,528.2,543.2,548.2,559.2,561.2,592.4,615.2,625.2,643.2,790.4000000000001,1018.4000000000001,1036.4,1088.6000000000001","0.0011114837834611535,0.0032096190843731165,0.003079212736338377,0.0019098304910585284,0.009526128880679607,0.003744941670447588,0.020023273304104805,0.0012102174805477262,0.003070665057748556,0.0018026097677648067,0.002153955399990082,0.002547910436987877,0.0015368052991107106,0.0029446769040077925,0.0025499355979263783,0.0013560387305915356,0.0012784145073965192,0.002408308442682028,0.0017205793410539627,0.005939178168773651,0.020268376916646957,0.003685957519337535,0.0010279513662680984,0.0010835088323801756,0.006502289790660143,0.005476190708577633,0.00567986723035574,0.001295235357247293,0.004319340456277132,0.002554678823798895,0.003766754874959588,0.0046399966813623905,0.0014626088086515665,0.0013153239851817489,0.0010185797000303864,0.0010299646528437734,0.0011273928685113788,0.0010492355795577168,0.00240431260317564,0.0015069382498040795,0.0019512409344315529,0.0021259726490825415,0.002722381381317973,0.007354079280048609,0.003847914282232523,0.0021946928463876247,0.0010580337839201093,0.0012764617567881942,0.0012329721357673407,0.0010748534696176648,0.004079356789588928,0.0018537674332037568,0.007758903317153454,0.003808602225035429,0.0015736809000372887,0.0012168255634605885,0.002005525166168809,0.0011945838341489434,0.001816092524677515,0.0011588395573198795,0.0030888612382113934,0.0020283290650695562,0.006649347022175789,0.006639737635850906,0.00148864951916039,0.0011959770927205682,0.0016517301555722952,0.0010587156284600496,0.002331058494746685,0.0016371331876143813,0.0013336576521396637,0.002986293751746416,0.005116493906825781,0.002246543299406767,0.001207447494380176,0.0022626416757702827,0.001170231611467898,0.0016017182497307658,0.0014521999983116984,0.00158911501057446,0.0022997490596026182,0.0017655615229159594,0.002036481397226453,0.0026656182017177343,0.004726098850369453,0.0011171777732670307,0.0014176125405356288,0.0010804213816300035,0.0010123547399416566,0.0013272231444716454,0.001770434551872313,0.008458506315946579,0.0015576458536088467,0.009238825179636478,0.0010633690981194377,0.029801269993185997,0.001088120974600315,0.0012882596347481012,0.01451359037309885,0.0013151324819773436,0.002693955320864916,0.008666083216667175,0.0025537176989018917,0.0029791228007525206,0.001107462216168642,0.0012095599668100476,0.0014873826876282692,0.0028861199971288443,0.0023174944799393415,0.003315746085718274,0.0013549653813242912,0.001619500806555152,0.005771530792117119,0.0018367747543379664,0.006342768203467131,0.0028102376963943243,0.0025608669966459274,0.004428130108863115,0.004669006913900375,0.0018952282844111323,0.0026657921262085438,0.007070617284625769,0.0012649985728785396,0.0010496772592887282,0.0563422329723835,0.0037091129925101995,0.0028638183139264584,0.0024043098092079163,0.0012762080878019333,0.008740506134927273,0.004816362634301186,0.0010087571572512388,0.0020774994045495987,0.0018553489353507757,0.001592178363353014,0.004057602491229773,0.0017023292602971196,0.0011839760700240731,0.0010152481263503432,0.002476766472682357,0.002153049921616912,0.001896908157505095,0.0015864273300394416,0.0065734898671507835,0.0013413808774203062,0.0012392755597829819,0.0018919879803434014,0.004559339955449104,0.001520654303021729,0.001217002747580409,0.0014967849710956216,0.002235162304714322,0.004001363180577755,0.003660656977444887,0.0012600948102772236,0.002919980091974139,0.0010285071330145001,0.0010980390943586826,0.0012753839837387204,0.002984961261972785,0.0013813558034598827,0.005107487086206675,0.0012781808618456125,0.001397958374582231,0.0019271356286481023"
12,CC(=O)NCCCCNCCCN,M-H,QTOF,11,"32.800000000000004,41.0,43.0,45.800000000000004,57.0,58.0,68.8,69.0,71.0,74.0,77.0,78.0,78.80000000000001,82.0,93.0,99.0,101.0,108.0,111.0,113.0,114.0,115.0,116.0,122.0,126.80000000000001,134.0,135.0,137.0,142.0,143.0,144.0,152.8,158.0,159.0,161.0,167.0,168.0,169.0,170.0,171.0,172.0,175.0,179.0,180.0,181.0,183.0,186.0,187.0,189.0,196.0,205.0,206.0,207.0,209.0,211.0,216.0,219.0,223.0,224.0,227.0,229.0,231.0,236.0,237.0,238.0,241.0,245.0,249.0,252.0,255.20000000000002,256.0,257.2,259.0,259.2,263.2,265.0,265.2,266.0,268.2,269.0,271.2,275.2,278.0,279.2,283.2,286.0,291.0,293.2,298.0,299.0,299.2,300.2,301.2,303.2,307.0,311.20000000000005,317.20000000000005,319.0,319.20000000000005,324.20000000000005,331.20000000000005,334.0,336.20000000000005,337.0,337.20000000000005,339.0,341.20000000000005,342.20000000000005,343.0,345.20000000000005,347.20000000000005,349.20000000000005,352.20000000000005,353.0,353.20000000000005,355.20000000000005,359.20000000000005,360.20000000000005,365.0,367.20000000000005,372.20000000000005,377.20000000000005,378.20000000000005,382.20000000000005,385.20000000000005,391.20000000000005,393.20000000000005,397.8,398.20000000000005,400.20000000000005,401.20000000000005,407.20000000000005,415.8,416.20000000000005,424.20000000000005,439.0,442.20000000000005,451.20000000000005,455.20000000000005,459.0,460.20000000000005,462.20000000000005,469.20000000000005,473.20000000000005,494.20000000000005,498.20000000000005,500.20000000000005,516.2,528.2,543.2,548.2,549.2,559.2,560.2,561.2,615.2,624.2,625.2,643.2,684.2,701.4000000000001,790.4000000000001,802.4000000000001,993.4000000000001,1088.6000000000001","0.0011597059201449156,0.0031762151047587395,0.005416272673755884,0.009142936207354069,0.0014173174276947975,0.007664377335458994,0.0014142259024083614,0.002246580086648464,0.002407982712611556,0.0022941790521144867,0.004158053547143936,0.0013347981730476022,0.0020323805510997772,0.0011729391990229487,0.002639259910210967,0.0015263992827385664,0.001576382084749639,0.003997675143182278,0.00124015798792243,0.011189832352101803,0.0027859362307935953,0.0025280897971242666,0.003485343651846051,0.002782644471153617,0.004062724765390158,0.0012211808934807777,0.002375195734202862,0.008600194938480854,0.0015630631241947412,0.007288101129233837,0.0011041471734642982,0.005783573724329472,0.001423039473593235,0.0017737076850607991,0.0030329080764204264,0.00210673944093287,0.001500636455602944,0.004132636357098818,0.0014762526843696833,0.012354251928627491,0.0028177842032164335,0.0015536865685135126,0.002802495379000902,0.0010275618406012654,0.0019152807071805,0.002172462409362197,0.00805002823472023,0.001706441747955978,0.0018992108525708318,0.0011956950183957815,0.0026936682406812906,0.0018033244414255023,0.0012928094947710633,0.005167488008737564,0.0028284958098083735,0.0015636514872312546,0.0017078371020033956,0.0015402286080643535,0.0015192580176517367,0.0010461964411661029,0.002086150925606489,0.0015613872092217207,0.0013576541095972061,0.0030619886238127947,0.0016735419631004333,0.0016191293252632022,0.0024503248278051615,0.003014492569491267,0.0014138056430965662,0.00789183471351862,0.001341917202807963,0.002050322713330388,0.0022268733009696007,0.004120986443012953,0.005401624832302332,0.001206394867040217,0.0011400996008887887,0.0010806239442899823,0.00106334057636559,0.0020118558313697577,0.0011779271299019456,0.0016551747685298324,0.0010388229275122285,0.0010878657922148705,0.0032080705277621746,0.0019101841608062387,0.0036843279376626015,0.0017250340897589922,0.0014468764420598745,0.0025909636169672012,0.009650742635130882,0.0011957315728068352,0.02534409426152706,0.03233630955219269,0.001208102097734809,0.010587896220386028,0.00200090860016644,0.0018047092016786337,0.008015311323106289,0.0012068438809365034,0.0039121531881392,0.0014183352468535304,0.001028999569825828,0.0016571404412388802,0.006508264224976301,0.001265149563550949,0.0017239254666492343,0.0013742342125624418,0.0021672972943633795,0.004355200566351414,0.0014460920356214046,0.004286862909793854,0.003166619222611189,0.0018839141121134162,0.0015845977468416095,0.008012495003640652,0.003955756779760122,0.0011844993568956852,0.001017729751765728,0.049762528389692307,0.002785908291116357,0.0011946293525397778,0.001971667166799307,0.0013622668338939548,0.007622500415891409,0.014855154789984226,0.001274794340133667,0.0014899929519742727,0.0010655993828549981,0.003329077735543251,0.0017904191045090556,0.002126402920112014,0.0012948832008987665,0.004124020226299763,0.001965699251741171,0.0011735510779544711,0.001144404523074627,0.0035171378403902054,0.0012867945479229093,0.0010944962268695235,0.0027167981024831533,0.00933764223009348,0.0011467699659988284,0.0017846113769337535,0.005831846501678228,0.0010784449987113476,0.0012389584444463253,0.002598320599645376,0.006796210538595915,0.003384251846000552,0.0011399589711800218,0.001083560986444354,0.0035197900142520666,0.0015026774490252137,0.0012641636421903968,0.001877977978438139,0.001015346497297287,0.002509217942133546,0.0016216534422710538,0.001311218598857522,0.0010009851539507508,0.007576394826173782,0.0011192524107173085,0.0010204531718045473,0.002519249450415373"
13,CC(=O)NCCCCNCCCN,M-H,QTOF,15,"32.800000000000004,34.800000000000004,41.0,41.800000000000004,43.0,45.800000000000004,58.0,62.800000000000004,68.8,69.0,71.0,73.0,74.0,77.0,78.0,87.0,93.0,97.0,99.0,108.0,111.0,112.0,113.0,115.0,116.0,122.0,124.0,126.80000000000001,127.0,128.0,129.0,135.0,136.0,137.0,142.0,143.0,152.8,156.0,158.0,159.0,161.0,167.0,169.0,171.0,172.0,173.0,175.0,179.0,183.0,184.0,186.0,189.0,205.0,206.0,209.0,211.0,216.0,217.0,219.0,228.0,229.0,231.20000000000002,237.0,237.20000000000002,239.20000000000002,241.0,242.0,245.0,249.0,252.0,255.20000000000002,256.0,257.2,259.0,259.2,261.0,263.2,265.2,268.2,269.0,271.2,275.2,279.2,282.0,283.2,285.2,286.0,291.0,293.2,299.0,299.2,300.2,301.2,303.2,309.20000000000005,310.0,311.20000000000005,317.20000000000005,319.0,319.20000000000005,323.20000000000005,324.20000000000005,331.20000000000005,337.0,337.20000000000005,339.0,342.20000000000005,345.20000000000005,347.20000000000005,349.20000000000005,352.20000000000005,353.0,353.20000000000005,355.20000000000005,362.0,367.20000000000005,372.20000000000005,378.20000000000005,380.20000000000005,382.20000000000005,385.20000000000005,391.20000000000005,398.20000000000005,400.20000000000005,401.20000000000005,407.20000000000005,416.20000000000005,424.20000000000005,439.0,442.20000000000005,451.20000000000005,456.20000000000005,460.20000000000005,462.20000000000005,469.20000000000005,494.20000000000005,498.20000000000005,500.20000000000005,516.2,528.2,543.2,549.2,559.2,561.2,597.2,615.2,624.2,625.2,643.2,701.4000000000001,790.4000000000001,1088.6000000000001","0.0013769619399681687,0.0016889903927221894,0.003106983145698905,0.0021471253130584955,0.003281732089817524,0.005052317399531603,0.022676995024085045,0.0018337342189624906,0.0022721230052411556,0.001725699519738555,0.003030594438314438,0.001590374275110662,0.004497070796787739,0.005413452163338661,0.0016299482667818666,0.001310951542109251,0.0013164288830012083,0.0025665792636573315,0.0046613784506917,0.002480750437825918,0.0017969774780794978,0.0011663965415209532,0.00655650720000267,0.0022351720836013556,0.004749349318444729,0.0035571972839534283,0.001356583903543651,0.0014043226838111877,0.002741104457527399,0.004425544757395983,0.00349278561770916,0.0035949149169027805,0.0018196151359006763,0.008330411277711391,0.0012814132496714592,0.01866825297474861,0.006758203264325857,0.001862335717305541,0.0013712327927350998,0.0016290652565658092,0.004834403749555349,0.001325450255535543,0.001004608697257936,0.0567106194794178,0.003272252855822444,0.0016084442613646388,0.0032940024975687265,0.0013941890792921185,0.0023765580262988806,0.0019401039462536573,0.01111815869808197,0.002472975291311741,0.0065313223749399185,0.0010746864136308432,0.001217224751599133,0.0019166736165061593,0.002461593132466078,0.0011176636908203363,0.002695860108360648,0.0013073042500764132,0.001111885765567422,0.0011240248568356037,0.0013959676725789905,0.0010950276628136635,0.0013477111933752894,0.0018331458559259772,0.001061140326783061,0.00263436627574265,0.002907689893618226,0.001490629161708057,0.007938158698379993,0.001245897845365107,0.0037127716932445765,0.00269030942581594,0.009374091401696205,0.0012384880101308227,0.005968942306935787,0.0011598010314628482,0.0010934890015050769,0.00322684645652771,0.0016787983477115631,0.0027629982214421034,0.0010487507097423077,0.0014748090179637074,0.004900973290205002,0.002108670538291335,0.002014393452554941,0.0016945496900007129,0.0018281199736520648,0.0013750714715570211,0.004937267862260342,0.0016437101876363158,0.04313743859529495,0.06582637876272202,0.0011391201987862587,0.0019798821303993464,0.006486097816377878,0.0016785514308139682,0.0011736415326595306,0.012743589468300343,0.0010182710830122232,0.0010446194792166352,0.006351322866976261,0.0013401181204244494,0.004799929913133383,0.0010551833547651768,0.0010595422936603427,0.0030998035799711943,0.0014930954203009605,0.0029051885940134525,0.0018232868751510978,0.0024046162143349648,0.0022274618968367577,0.005901968572288752,0.0011710047256201506,0.029141802340745926,0.0019387671491131186,0.001395759405568242,0.0010212227934971452,0.002250451361760497,0.0056730820797383785,0.011264724656939507,0.0011433985782787204,0.0029183034785091877,0.0027309514116495848,0.001727309892885387,0.0017011198215186596,0.00247960421256721,0.0019087031250819564,0.0010442992206662893,0.0028508019167929888,0.0010155573254451156,0.002145233331248164,0.006348332855850458,0.0011707735247910023,0.004695534706115723,0.0010378786828368902,0.0011210754746571183,0.0015947158681228757,0.004294666461646557,0.002010572934523225,0.0014581818832084537,0.002400261117145419,0.0011450519086793065,0.0012457752600312233,0.00239342893473804,0.0010520891519263387,0.001861597876995802,0.001021974254399538,0.001391800120472908,0.0052784220315515995,0.0012998050078749657"
14,CC(=O)NCCCCNCCCN,M-H,QTOF,18,"32.800000000000004,41.0,41.800000000000004,43.0,58.0,63.800000000000004,68.8,69.0,72.0,72.8,75.0,77.0,78.80000000000001,79.80000000000001,80.0,85.0,88.0,96.80000000000001,97.0,99.0,113.0,116.0,117.0,122.0,123.0,127.0,130.0,135.0,137.0,138.0,143.0,144.0,145.0,152.8,154.0,156.0,157.0,159.0,164.0,166.0,171.0,173.0,175.0,181.0,184.0,185.0,187.0,199.0,200.0,202.0,205.0,209.0,212.0,214.0,219.0,227.0,229.0,237.0,239.20000000000002,240.0,245.0,247.0,255.20000000000002,256.0,257.2,259.2,263.2,265.0,265.2,266.0,268.0,268.2,269.0,270.0,271.2,274.0,275.2,279.2,282.0,283.0,283.2,285.2,286.0,291.0,292.0,293.2,296.0,300.2,301.2,303.2,305.0,310.0,311.20000000000005,317.20000000000005,319.20000000000005,320.0,323.20000000000005,324.20000000000005,331.20000000000005,337.20000000000005,338.0,347.20000000000005,349.20000000000005,352.20000000000005,353.20000000000005,355.20000000000005,367.20000000000005,382.20000000000005,385.20000000000005,391.20000000000005,393.0,401.20000000000005,416.20000000000005,424.20000000000005,455.20000000000005,456.20000000000005,462.20000000000005,494.20000000000005,498.20000000000005,528.2,561.2,597.2,615.2","0.001265254570171237,0.004277873784303665,0.005809636786580086,0.006678903941065073,0.15683747828006744,0.0011834085453301668,0.003001204924657941,0.001027797581627965,0.0011620116420090199,0.0016796529525890946,0.0014354261802509427,0.0024997065775096416,0.001641259528696537,0.0014798733172938228,0.0013247255701571703,0.002194891683757305,0.0012046466581523418,0.0015453866217285395,0.014454903081059456,0.014341272413730621,0.005891120061278343,0.003481657709926367,0.001987382071092725,0.004635171499103308,0.00528537156060338,0.003555928822606802,0.0017189828213304281,0.005414075218141079,0.0022898337338119745,0.001137958955951035,0.03802378103137016,0.004781067371368408,0.0012564341304823756,0.0018679029308259487,0.001466460875235498,0.01277000829577446,0.011570599861443043,0.001494096009992063,0.003329414641484618,0.0010961374500766397,0.04412875324487686,0.0015189185505732894,0.0016263851430267096,0.0018975542625412345,0.002468523569405079,0.0023993682116270065,0.001343785785138607,0.0015372647903859615,0.0022708908654749393,0.0015463066520169377,0.0023570877965539694,0.001217855722643435,0.001019935472868383,0.0019747780170291662,0.003367878496646881,0.0018846289021894336,0.0010542466770857573,0.004387511406093836,0.002235978841781616,0.001194579410366714,0.004160617478191853,0.0058327047154307365,0.0011083175195381045,0.0016456753946840763,0.0026801724452525377,0.007940784096717834,0.00452850665897131,0.002495991066098213,0.0011922583216801286,0.0025494496803730726,0.0029249817598611116,0.002377582248300314,0.0014775294112041593,0.0011249430244788527,0.0015333844348788261,0.0016645471332594752,0.0031909917015582323,0.0010460000485181808,0.0023788202088326216,0.004890098702162504,0.0036929219495505095,0.0018112711841240525,0.0021415287628769875,0.004074861761182547,0.0013308527413755655,0.0019070847192779183,0.001494538621045649,0.0029372903518378735,0.039125002920627594,0.04273603856563568,0.0016650459729135036,0.003358280286192894,0.005918791517615318,0.0019135529873892665,0.01683940552175045,0.0010824385099112988,0.003100723261013627,0.0018047642661258578,0.00965907983481884,0.007653475273400545,0.002312751254066825,0.0012939517619088292,0.016230782493948936,0.0020913532935082912,0.0017690497916191816,0.002862178720533848,0.032685235142707825,0.0016007662052288651,0.00636626873165369,0.0016044310759752989,0.0024175269063562155,0.003015959169715643,0.0015900643775239587,0.0010147280991077423,0.0013330555520951748,0.0011709631653502584,0.0017311148112639785,0.002112581394612789,0.0011331308633089066,0.0010280841961503029,0.0013546518748626113,0.0017210951773449779,0.0016532796435058117"
15,CC(=O)NCCCCNCCCN,M-H,QTOF,24,"41.0,41.800000000000004,43.0,48.800000000000004,55.0,58.0,68.8,72.0,72.8,75.0,78.80000000000001,85.0,96.80000000000001,97.0,99.0,100.0,113.0,114.0,115.0,116.0,117.0,118.0,118.80000000000001,122.0,123.0,125.0,126.0,127.0,128.0,130.0,131.0,135.0,137.0,138.0,141.0,143.0,144.0,145.0,154.0,156.0,157.0,158.0,163.0,164.0,171.0,173.0,181.0,184.0,185.0,187.0,200.0,205.0,213.0,214.0,219.0,228.0,233.0,237.0,239.20000000000002,240.0,245.0,247.0,257.2,259.2,263.2,265.0,265.2,266.0,268.0,268.2,271.2,275.2,282.0,282.2,283.0,283.2,285.2,286.0,291.0,293.2,300.2,301.2,303.2,305.0,310.0,311.20000000000005,319.20000000000005,323.20000000000005,324.20000000000005,331.0,331.20000000000005,337.20000000000005,338.0,345.20000000000005,349.20000000000005,352.20000000000005,353.20000000000005,355.20000000000005,367.20000000000005,385.20000000000005,393.0,401.20000000000005,597.2","0.002185653895139694,0.04304906725883484,0.001314013497903943,0.0014653326943516731,0.0011161168804392219,0.4212717115879059,0.0032414612360298634,0.0016645431751385331,0.0015312742907553911,0.0019354220712557435,0.0020036690402776003,0.0015917978016659617,0.0013324881438165903,0.03196556866168976,0.018112346529960632,0.0010939014609903097,0.001530263340100646,0.0042631360702216625,0.0030693085864186287,0.005802665371447802,0.002917245030403137,0.0011163818417117,0.0012751343892887235,0.0020774530712515116,0.003130084602162242,0.0012011005310341716,0.004256905522197485,0.005860828794538975,0.003579852869734168,0.0031399009749293327,0.0019171753665432334,0.003389462362974882,0.0014171985676512122,0.0012838146649301052,0.004491100087761879,0.09853829443454742,0.007398324087262154,0.0034965360537171364,0.001112474361434579,0.005053090862929821,0.01536606065928936,0.0017616287805140018,0.0018486076733097434,0.0027920298743993044,0.04758163541555405,0.002495329361408949,0.0014166530454531312,0.0012508356012403965,0.00511645432561636,0.008278099820017815,0.002377931959927082,0.0019283115398138762,0.0015534533886238933,0.00167902244720608,0.0018286211416125298,0.001071261358447373,0.001142095192335546,0.0022214932832866907,0.003614740213379264,0.0018417680403217673,0.0027555285487324,0.0042699044570326805,0.0010898855980485678,0.006326525937765837,0.002661295933648944,0.0010367033537477255,0.0016345760086551309,0.0018872005166485906,0.0013661417178809643,0.005231297574937344,0.0014717662706971169,0.002022460335865617,0.001360579626634717,0.001288775005377829,0.002885870635509491,0.0032254306133836508,0.0018224689410999417,0.0015536348801106215,0.0016151017043739557,0.0017145751044154167,0.006378645543009043,0.029755694791674614,0.029901234433054924,0.002126584993675351,0.0018597402377054095,0.002165804849937558,0.0074493479914963245,0.0018058469286188483,0.0016643003327772021,0.001150147058069706,0.007714962121099234,0.0024203250650316477,0.0019488328834995627,0.0011935338843613863,0.006702852435410023,0.0015432529617100954,0.003440933069214225,0.0011988022597506642,0.014765327796339989,0.004367029760032892,0.002505735494196415,0.001839450211264193,0.001771200797520578"
16,CC(=O)NCCCCNCCCN,M-H,QTOF,30,"34.800000000000004,40.0,41.0,41.800000000000004,42.0,48.800000000000004,58.0,65.0,68.8,71.0,72.0,73.0,74.0,77.0,79.80000000000001,86.0,87.0,89.0,97.0,99.0,101.0,108.0,109.0,111.0,112.0,114.0,117.0,119.0,122.0,125.0,126.0,127.0,128.0,129.0,130.0,137.0,139.0,140.0,141.0,143.0,145.0,150.0,152.0,152.8,153.0,154.0,155.0,156.0,157.0,163.0,171.0,181.0,184.0,185.0,197.0,199.0,205.0,210.0,225.0,233.0,239.20000000000002,255.0,255.20000000000002,259.2,263.2,265.2,266.0,268.2,271.2,282.2,283.2,285.2,295.2,297.2,300.2,301.2,303.2,321.0,323.20000000000005,324.20000000000005,331.20000000000005,345.20000000000005,347.20000000000005,349.20000000000005,352.20000000000005,353.20000000000005,358.0,367.20000000000005,385.20000000000005,391.20000000000005,401.20000000000005,462.20000000000005,615.2","0.0023385719396173954,0.002897888422012329,0.0034370715729892254,0.1907305121421814,0.003888334147632122,0.0017691575922071934,0.5128761529922485,0.0026595734525471926,0.00240933895111084,0.002098268363624811,0.011774778366088867,0.002879498526453972,0.006914830766618252,0.0019247157033532858,0.0010492533911019564,0.001974513754248619,0.0034768085461109877,0.001968465046957135,0.012830832041800022,0.021010205149650574,0.0013138612266629934,0.001485440880060196,0.008908997289836407,0.0029989059548825026,0.009996051900088787,0.002293814904987812,0.001784455613233149,0.0023306531365960836,0.0020313351415097713,0.003077870002016425,0.002849798882380128,0.02125290222465992,0.011603746563196182,0.04113653302192688,0.0011260753963142633,0.0038677221164107323,0.0018581654876470566,0.0011199342552572489,0.016081668436527252,0.08496590703725815,0.004445948172360659,0.0018864477751776576,0.0014751747949048877,0.001784416032023728,0.003208440262824297,0.002253513317555189,0.013873645104467869,0.0011982816504314542,0.0027031409554183483,0.002492085564881563,0.06859149038791656,0.00329379178583622,0.0013060682686045766,0.0031582601368427277,0.0035152884665876627,0.001549351029098034,0.0013915933668613434,0.0010803851764649153,0.0012243156088516116,0.0019421582110226154,0.004309264477342367,0.0017500050598755479,0.0036199947353452444,0.0039427150040864944,0.0029015953186899424,0.001318209571763873,0.0012833166401833296,0.005892110522836447,0.001019524410367012,0.0015596080338582397,0.002376983407884836,0.0011768311960622668,0.0012051061494275928,0.0010549960425123572,0.007651382125914097,0.018407534807920456,0.020773231983184814,0.0012654885649681091,0.0021752656903117895,0.002252951031550765,0.004379075486212969,0.0017271346878260374,0.001301235519349575,0.0014625058975070715,0.0013612747425213456,0.0019498046021908522,0.0010861859191209078,0.0032474470790475607,0.0023716071154922247,0.0027061179280281067,0.0011226454516872764,0.0013660116819664836,0.001067595323547721"
17,CC(=O)NCCCCNCCCN,M-H,QTOF,35,"40.0,41.800000000000004,42.0,48.800000000000004,57.0,58.0,65.0,68.8,71.0,72.0,74.0,78.80000000000001,84.0,85.0,86.0,87.0,91.0,96.80000000000001,97.0,98.0,99.0,100.0,109.0,111.0,112.0,114.0,115.0,119.0,125.0,126.0,127.0,128.0,129.0,137.0,139.0,141.0,143.0,144.0,145.0,152.0,152.8,153.0,154.0,155.0,157.0,167.0,169.0,171.0,177.0,181.0,183.0,185.0,189.0,197.0,201.0,225.0,233.0,239.20000000000002,255.0,259.2,265.2,268.2,282.2,283.2,285.2,286.0,300.2,301.2,303.2,319.0,331.20000000000005,349.20000000000005,358.0,393.0","0.0034557036124169827,0.24709996581077576,0.0030054321978241205,0.002345779910683632,0.0023329046089202166,0.6423789858818054,0.0012279211077839136,0.0022614465560764074,0.0018903216114267707,0.004193414468318224,0.001969963079318404,0.0026567592285573483,0.0010736507829278708,0.001135558937676251,0.0011880069505423307,0.0016333276871591806,0.0014458694495260715,0.0023110334295779467,0.020282257348299026,0.0014108334435150027,0.01598123088479042,0.005327244289219379,0.012688102200627327,0.0015335188945755363,0.009139173664152622,0.0015872461954131722,0.0021519046276807785,0.0023301837500184774,0.00254473346285522,0.006510310340672731,0.027083031833171844,0.007116964552551508,0.02951173298060894,0.0029941939283162355,0.0017409124411642551,0.00957836490124464,0.09966707229614258,0.0018201539060100913,0.023200102150440216,0.0015871161594986916,0.0011568251065909863,0.001600613002665341,0.004605936352163553,0.01572302356362343,0.011744111776351929,0.0013677595416083932,0.001680894405581057,0.0605291947722435,0.0013853939017280936,0.0025921424385160208,0.004054494202136993,0.004648755304515362,0.0020785825327038765,0.002927992260083556,0.0020392374135553837,0.0010912063298746943,0.0014593560481444001,0.0034366112668067217,0.0011205108603462577,0.001677413354627788,0.0011817027116194367,0.004710703156888485,0.0016256541712209582,0.0013137577334418893,0.0010399924358353019,0.0010766497580334544,0.007450487464666367,0.007694543339312077,0.0069719660095870495,0.0011009625159204006,0.0025640856474637985,0.0024157969746738672,0.001225444721058011,0.001673025661148131"
18,CC(=O)NCCCCNCCCN,M-H,QTOF,41,"34.800000000000004,40.0,41.0,41.800000000000004,42.0,48.800000000000004,58.0,65.0,70.0,71.0,72.0,74.0,80.0,84.0,85.0,86.0,87.0,91.0,97.0,98.0,99.0,100.0,108.0,109.0,110.0,111.0,112.0,113.0,114.0,116.0,117.0,123.0,125.0,126.0,127.0,128.0,129.0,132.0,137.0,139.0,141.0,143.0,145.0,153.0,154.0,155.0,163.0,171.0,177.0,181.0,183.0,197.0,201.0,225.0,239.20000000000002,259.2,263.2,265.2,268.2,282.2,300.2,301.2,303.2,319.0,331.20000000000005,349.20000000000005,358.0","0.0010645717848092318,0.004884648602455854,0.0022568339481949806,0.3947731852531433,0.006294503808021545,0.002438087947666645,0.662596583366394,0.0020766952075064182,0.0012553590349853039,0.002090080175548792,0.01474033109843731,0.003908513579517603,0.0011950983898714185,0.004620501305907965,0.0016016692388802767,0.0017809612909331918,0.0016227361047640443,0.0012411935022100806,0.03946763277053833,0.002836687723174691,0.02496843785047531,0.0072484067641198635,0.0012748156441375613,0.021633150056004524,0.0011477889493107796,0.0049222721718251705,0.015214862301945686,0.0012116854777559638,0.003805743297562003,0.001999116037040949,0.0011280851904302835,0.0013590235030278563,0.006907233037054539,0.006955927237868309,0.02640228159725666,0.009230240248143673,0.023354973644018173,0.0010352128883823752,0.005191816482692957,0.0021598234307020903,0.013235767371952534,0.08019167184829712,0.015513402409851551,0.005311101209372282,0.0037316817324608564,0.018734272569417953,0.0011929839383810759,0.029815945774316788,0.0013561584055423737,0.001849534222856164,0.001314993598498404,0.0023941274266690016,0.0012089504161849618,0.0012828927719965577,0.00368682062253356,0.0012575872242450714,0.0018303993856534362,0.0010487609542906284,0.004829984623938799,0.001371657708659768,0.006745772436261177,0.005568986292928457,0.003490924136713147,0.0011220594169571996,0.002088309032842517,0.0012497614370658994,0.0011405207915231586"
19,CC(=O)NCCCCNCCCN,M-H,QTOF,48,"34.800000000000004,40.0,41.0,41.800000000000004,42.0,43.0,44.800000000000004,48.800000000000004,55.0,57.0,58.0,65.0,70.0,72.0,73.0,74.0,80.0,84.0,85.0,86.0,88.0,91.0,96.0,97.0,98.0,99.0,100.0,108.0,109.0,111.0,112.0,113.0,114.0,116.0,125.0,126.0,127.0,128.0,129.0,131.0,133.0,137.0,139.0,141.0,143.0,145.0,149.0,153.0,154.0,155.0,167.0,171.0,177.0,181.0,183.0,197.0,225.0,239.20000000000002,263.2,265.2,268.2,280.2,282.2,300.2,301.2,331.20000000000005","0.0010592886246740818,0.0057868254370987415,0.005176525097340345,0.4402475357055664,0.007184790913015604,0.001234058872796595,0.0018307602731510997,0.0032400304917246103,0.0011804851237684488,0.001394036109559238,0.8125588893890381,0.0015272258315235376,0.001551948138512671,0.014556382782757282,0.0016341404989361763,0.0039027982857078314,0.0018322454998269677,0.0038184558507055044,0.0011525998124852777,0.0014973906800150871,0.0010329459328204393,0.0013821005122736096,0.0013228574534878135,0.03419380635023117,0.0013712154468521476,0.02482697181403637,0.006674029864370823,0.00173240527510643,0.014842754229903221,0.005512761417776346,0.011733188293874264,0.002898853039368987,0.0021859959233552217,0.0014906780561432242,0.005559943616390228,0.006369159556925297,0.008501673117280006,0.005521498620510101,0.008975758217275143,0.0013400929747149348,0.0016357551794499159,0.0012467802735045552,0.001892436295747757,0.00961894541978836,0.056224871426820755,0.004939727950841188,0.0012677758932113647,0.0039352960884571075,0.003135805716738105,0.012688478454947472,0.0016097135376185179,0.004688609391450882,0.0011796025792136788,0.0020838899072259665,0.0019205199787393212,0.0018994758138433099,0.0010419766185805202,0.005103535950183868,0.0015166939701884985,0.0013694510562345386,0.005731920246034861,0.0011308274697512388,0.00211733509786427,0.0070248194970190525,0.003382839960977435,0.0017869494622573256"
20,CC(=O)NCCCCNCCCN,M-H,QTOF,56,"40.0,41.0,41.800000000000004,42.0,43.0,44.800000000000004,48.800000000000004,54.0,55.0,57.0,58.0,70.0,72.0,74.0,80.0,81.0,82.0,84.0,85.0,86.0,91.0,96.0,97.0,98.0,99.0,100.0,108.0,109.0,111.0,112.0,113.0,114.0,116.0,117.0,125.0,126.0,127.0,128.0,129.0,130.0,133.0,139.0,141.0,143.0,145.0,149.0,153.0,154.0,155.0,167.0,171.0,177.0,181.0,183.0,225.0,239.20000000000002,265.2,268.2,282.2,300.2,301.2,331.20000000000005","0.007940640673041344,0.0109644690528512,0.6564745903015137,0.012479912489652634,0.0032893617171794176,0.0018671626457944512,0.0028202272951602936,0.0017045512795448303,0.0025469218380749226,0.0021429480984807014,0.771515429019928,0.0024494577664881945,0.02030315436422825,0.003228947287425399,0.002927968977019191,0.0011140952119603753,0.001314655295573175,0.017802054062485695,0.0011197659187018871,0.002768584294244647,0.0010078501654788852,0.0025234478525817394,0.030619345605373383,0.003679179586470127,0.016099749132990837,0.013826814480125904,0.0011785081587731838,0.010963572189211845,0.003758153412491083,0.017027271911501884,0.004455688409507275,0.002615614328533411,0.0010585518321022391,0.001279668416827917,0.0015554241836071014,0.00683433935046196,0.0066284541971981525,0.0018793769413605332,0.005966959986835718,0.001127279014326632,0.0010902414796873927,0.0018772089388221502,0.005768804810941219,0.03985743597149849,0.004936899524182081,0.002059982158243656,0.0016831638058647513,0.0023425312247127295,0.008070475421845913,0.0013465711381286383,0.0011303527280688286,0.001513390801846981,0.0013232482597231865,0.0019555732142180204,0.0010710920905694366,0.004172642715275288,0.0011155918473377824,0.0043305810540914536,0.0017688630614429712,0.005557172000408173,0.0016062436625361443,0.0013123182579874992"
