ID,SMILES,Pred_M/Z,Pred_Intensity
0,O=S(=O)(O)CC(O)CN1CCN(CCO)CC1,"[ 50.   51.   52.   53.   54.   55.   56.   56.8  57.8  58.8  59.8  61.
  61.8  62.   62.8  63.   63.8  64.   64.8  65.   66.   67.   68.   68.8
  70.   72.8  74.   75.   76.   77.   77.8  78.   78.8  79.   79.8  80.
  80.8  81.   82.   82.8  84.   84.8  87.   88.   89.   90.   91.   94.
  95.   96.8  98.   98.8 101.  102.  105.  106.  115.  126.  126.8 127.
 151.  162.  163.  177.  189.  255. ]","[0.13546719 0.19065189 0.02329645 0.08826627 0.03680458 0.05217286
 0.04570102 0.03711788 0.0775778  0.08941689 0.01169885 0.05710849
 0.01267981 0.11306257 0.04958992 0.2157924  0.05715108 0.04985094
 0.01921563 0.23244357 0.06633701 0.10878648 0.11703731 0.02588697
 0.01602272 0.031608   0.12186776 0.10859907 0.05141523 0.21783331
 0.02065223 0.06593205 0.02955338 0.10816547 0.07711243 0.11525885
 0.0593921  0.04776417 0.05977163 0.02461358 0.0100349  0.01819405
 0.02924759 0.01224687 0.11022204 0.01575668 0.03672321 0.0106058
 0.07318722 0.02585605 0.01083715 0.01075643 0.01160245 0.03799364
 0.26738694 0.01182132 0.040566   0.02632218 0.01736863 0.01242041
 0.01390478 0.01698094 0.01297046 0.01300155 0.0249346  0.01029961]"
1,O=S(=O)(O)CC(O)CN1CCN(CCO)CC1,"[ 50.   51.   52.   53.   54.   55.   55.8  56.   56.8  57.8  58.8  59.8
  61.   61.8  62.   62.8  63.   63.8  64.   64.8  65.   66.   67.   68.
  68.8  71.8  72.8  74.   75.   76.   77.   77.8  78.   78.8  79.   79.8
  80.   80.8  81.   81.8  82.   82.8  83.   84.8  87.   88.   89.   90.
  91.   92.   92.8  93.   95.   96.8  98.8 101.  102.  104.  105.  106.
 107.  114.  115.  126.  126.8 127.  128.  132.8 139.  142.8 152.  162.
 164.  165.  177.  188.  189.  222. ]","[0.16064444 0.2382465  0.02652078 0.09135351 0.03060988 0.0605745
 0.01036474 0.02009777 0.05743065 0.10083239 0.07144131 0.03139452
 0.06502008 0.02310226 0.16398872 0.07313249 0.29975629 0.07794366
 0.0804659  0.03141239 0.42512116 0.1215945  0.1011714  0.10778934
 0.09301797 0.01079241 0.04464205 0.14606316 0.18725546 0.07098969
 0.24826029 0.02112401 0.11193691 0.08479838 0.12573043 0.06550906
 0.10319844 0.0903378  0.06164986 0.01289301 0.05749865 0.03547667
 0.02589153 0.01942985 0.02842988 0.03110555 0.28296497 0.09773812
 0.07728288 0.0194069  0.01269603 0.01048437 0.09068072 0.04441616
 0.03886455 0.01313703 0.05199984 0.01245322 0.25480258 0.01757291
 0.02629925 0.01511735 0.07592929 0.02187727 0.01746394 0.02424682
 0.02597532 0.01306821 0.02331644 0.01409902 0.02693407 0.01172508
 0.01041669 0.02096891 0.02006237 0.01018664 0.01670029 0.01128288]"
2,O=S(=O)(O)CC(O)CN1CCN(CCO)CC1,"[ 50.   51.   52.   53.   54.   55.   55.8  56.   56.8  57.   57.8  58.8
  59.8  61.   61.8  62.   62.8  63.   63.8  64.   64.8  65.   65.8  66.
  67.   68.   68.8  69.   70.   71.8  72.8  74.   75.   76.   77.   77.8
  78.   78.8  79.   79.8  80.   80.8  81.   81.8  82.   82.8  83.   83.8
  84.   84.8  87.   88.   89.   90.   91.   92.   92.8  93.   95.   96.8
  98.8 100.  101.  102.  103.  104.  105.  106.  107.  108.  108.8 113.
 114.  115.  116.  117.  118.  126.  126.8 127.  128.  129.  130.  132.8
 139.  142.8 151.  152.  157.  162.  164.  165.  166.  177.  188.  189.
 197.  205.  219.  222.  236. ]","[0.18969606 0.29505298 0.03733894 0.12561841 0.03559384 0.0921163
 0.01287196 0.02163008 0.06817693 0.02088653 0.1340225  0.07025891
 0.04597989 0.07279219 0.03707992 0.19461009 0.07910529 0.35974431
 0.10266104 0.10921402 0.0483412  0.54832697 0.01225359 0.17592858
 0.12326379 0.11756869 0.14266713 0.01007053 0.01005749 0.01434974
 0.06361779 0.16088046 0.24400021 0.08703344 0.30130538 0.02873949
 0.15796585 0.13798895 0.15760055 0.05967724 0.12982039 0.10812819
 0.07691365 0.01971009 0.07407463 0.04544297 0.06455751 0.01000996
 0.01347933 0.0296375  0.02833375 0.04508517 0.40475449 0.16306305
 0.11868241 0.02986249 0.02116454 0.01730866 0.12155809 0.05716666
 0.05468981 0.01186318 0.01057403 0.07356223 0.02158283 0.01861269
 0.28714377 0.02460117 0.06123702 0.01976318 0.01249534 0.02241463
 0.02963072 0.13220473 0.02907115 0.02677759 0.01788747 0.02231372
 0.01768966 0.04291609 0.050992   0.02412234 0.01745555 0.01937435
 0.04554639 0.01749518 0.01121992 0.04627235 0.01537253 0.01301924
 0.01560082 0.04071457 0.01532246 0.02388708 0.0148374  0.01683576
 0.01116576 0.01094528 0.01037273 0.01423263 0.01248421]"
3,O=S(=O)(O)CC(O)CN1CCN(CCO)CC1,"[ 50.   51.   52.   53.   54.   55.   55.8  56.   56.8  57.   57.8  58.8
  59.8  61.   61.8  62.   62.8  63.   63.8  64.   64.8  65.   65.8  66.
  67.   68.   68.8  69.   70.   70.8  71.   71.8  72.8  74.   75.   76.
  77.   77.8  78.   78.8  79.   79.8  80.   80.8  81.   81.8  82.   82.8
  83.   83.8  84.   84.8  87.   88.   89.   90.   91.   92.   92.8  93.
  94.   95.   96.   96.8  98.8 100.  101.  102.  103.  104.  105.  106.
 107.  108.  108.8 109.8 113.  114.  115.  116.  117.  118.  122.  126.
 126.8 127.  128.  129.  130.  132.8 139.  140.  141.  142.  142.8 151.
 152.  157.  158.8 162.  164.  165.  166.  177.  183.  188.  189.  197.
 202.  205.  214.  219.  222.  236. ]","[0.22573712 0.36743    0.05784175 0.16401258 0.04229291 0.11440949
 0.01540554 0.02698008 0.08337938 0.0384834  0.17701566 0.07821646
 0.0585989  0.08377407 0.0510387  0.22347832 0.08416011 0.41875249
 0.13062148 0.13756275 0.06601658 0.65619051 0.02430517 0.22192146
 0.14756897 0.1257387  0.18244773 0.01259955 0.01239858 0.0136195
 0.01001435 0.02063033 0.08613795 0.18064581 0.30582356 0.10980905
 0.36717066 0.03487886 0.21099833 0.18686135 0.20007056 0.05900517
 0.16663472 0.12952451 0.08925621 0.02823389 0.09127344 0.05799407
 0.0957706  0.01391379 0.01878649 0.04403207 0.02633807 0.05794711
 0.49979636 0.2240839  0.17331496 0.04215564 0.02911435 0.02638648
 0.01100632 0.1584336  0.01401111 0.06711552 0.0701145  0.01614042
 0.01122232 0.09647212 0.05018086 0.02787895 0.34851754 0.04309743
 0.09706241 0.03409826 0.03126571 0.01097844 0.03629051 0.04278713
 0.19672406 0.05464954 0.05810003 0.037414   0.01551663 0.02435323
 0.02119184 0.05991883 0.07757909 0.04228957 0.02971494 0.0270708
 0.06998453 0.01144205 0.01605985 0.02684274 0.02309582 0.01723634
 0.06842903 0.03661816 0.01304871 0.01340734 0.0192882  0.05929122
 0.02570783 0.02864446 0.01728673 0.01915029 0.01808041 0.01777129
 0.01503177 0.01555647 0.01544884 0.02076438 0.01564757 0.01603867]"
4,O=S(=O)(O)CC(O)CN1CCN(CCO)CC1,"[ 50.   51.   52.   53.   54.   55.   55.8  56.   56.8  57.   57.8  58.
  58.8  59.   59.8  61.   61.8  62.   62.8  63.   63.8  64.   64.8  65.
  65.8  66.   67.   68.   68.8  69.   70.   70.8  71.   71.8  72.8  74.
  75.   76.   77.   77.8  78.   78.8  79.   79.8  80.   80.8  81.   81.8
  82.   82.8  83.   83.8  84.   84.8  86.8  87.   88.   89.   90.   91.
  92.   92.8  93.   93.8  94.   95.   96.   96.8  98.8 100.  101.  102.
 103.  104.  105.  106.  107.  108.  108.8 109.8 110.8 112.  113.  114.
 115.  116.  117.  118.  122.  125.  126.  126.8 127.  128.  129.  130.
 132.  132.8 134.  139.  140.  141.  142.  142.8 143.  144.  150.  151.
 152.  155.  157.  158.8 162.  164.  165.  166.  177.  183.  188.  189.
 192.  197.  202.  205.  214.  219.  222.  236. ]","[0.28298637 0.48434749 0.09561394 0.22050388 0.05645402 0.14885138
 0.01909721 0.03927502 0.10647856 0.0656628  0.24729975 0.01037585
 0.09755414 0.01532553 0.08720575 0.10500344 0.07006423 0.26670399
 0.09731251 0.5033226  0.16925362 0.17580196 0.09023557 0.80903202
 0.04422116 0.28359821 0.18057318 0.1367311  0.23375326 0.0187354
 0.01563515 0.02615504 0.02628095 0.02894252 0.11902325 0.21638547
 0.39897946 0.1499386  0.47981134 0.04185615 0.29639235 0.25744867
 0.26141864 0.06594743 0.22152832 0.16557956 0.10999376 0.04295708
 0.11965786 0.07511687 0.13452876 0.01954266 0.02964576 0.06762964
 0.01918465 0.02510799 0.07199187 0.62362188 0.31352282 0.25558108
 0.06684303 0.03864791 0.04038802 0.01284621 0.01482504 0.22351676
 0.03234629 0.08561202 0.09041265 0.0282507  0.01269386 0.13187197
 0.09327005 0.0396653  0.45289585 0.07187051 0.14762267 0.05283905
 0.05632509 0.02230062 0.01876888 0.01214007 0.05757284 0.06473444
 0.29106122 0.10124315 0.1232265  0.06725427 0.03469151 0.0102123
 0.03432541 0.02608098 0.09054031 0.11901084 0.06956005 0.05143375
 0.03807981 0.03530967 0.01871912 0.10749415 0.02173347 0.02936854
 0.05407098 0.0300056  0.022243   0.02004288 0.0115295  0.0319695
 0.10155166 0.02235665 0.06569558 0.01835896 0.01235389 0.0223349
 0.08762959 0.04390854 0.03400672 0.0300498  0.02362233 0.02415322
 0.01183854 0.02318261 0.02905346 0.01768791 0.02750586 0.03300558
 0.01391114 0.01713279]"
5,NC(CCCCn1cccc2nc(NCCCC(N)C(=O)O)nc1-2)C(=O)O,"[ 50.   51.   52.   53.   54.   55.   55.8  56.   56.8  57.   57.8  58.
  58.8  59.   59.8  61.   61.8  62.   62.8  63.   63.8  64.   64.8  65.
  65.8  66.   67.   68.   68.8  69.   69.8  70.   70.8  71.   71.8  72.8
  73.   74.   75.   76.   77.   77.8  78.   78.8  79.   79.8  80.   80.8
  81.   81.8  82.   82.8  83.   83.8  84.   84.8  86.8  87.   88.   89.
  90.   91.   92.   92.8  93.   93.8  94.   95.   96.   96.8  98.8 100.
 102.  103.  104.  105.  106.  107.  107.8 108.  108.8 109.8 110.8 112.
 113.  114.  115.  116.  117.  118.  122.  125.  126.  126.8 127.  128.
 129.  130.  132.  132.8 134.  139.  140.  141.  142.  142.8 143.  144.
 144.8 150.  151.  152.  153.  155.  157.  158.8 162.  164.  165.  166.
 177.  183.  188.  189.  192.  197.  200.8 202.  205.  213.8 214.  219.
 222.  236. ]","[0.35461694 0.62567908 0.15190487 0.29629305 0.07132208 0.26275387
 0.02350835 0.06363196 0.12477241 0.08793154 0.37631154 0.01679284
 0.11164368 0.01350379 0.14087401 0.10346721 0.0953932  0.31988916
 0.13981947 0.60136449 0.19944568 0.24346124 0.1292094  1.
 0.08840832 0.37564716 0.24141651 0.14936186 0.27919197 0.03735809
 0.01300893 0.04115475 0.04588297 0.0736589  0.04112836 0.12827179
 0.01637902 0.27951652 0.5395695  0.20691667 0.6408475  0.04759134
 0.40857303 0.3533656  0.35326594 0.0353913  0.27733228 0.1753252
 0.125384   0.05291559 0.1546874  0.0777292  0.20823383 0.02751077
 0.05386348 0.09963523 0.02764544 0.01622702 0.06979381 0.75346994
 0.43372425 0.37262222 0.10378198 0.04479152 0.09372892 0.01550646
 0.02578958 0.33589149 0.05528259 0.07094381 0.11904161 0.01789206
 0.17682131 0.14460655 0.08494864 0.59678745 0.10980323 0.19352728
 0.01389339 0.05286025 0.09726448 0.04152518 0.05146541 0.01134432
 0.08366834 0.07903373 0.40022463 0.1466406  0.2000899  0.09414397
 0.05277712 0.03607404 0.04772218 0.01886022 0.12172902 0.13960217
 0.07512178 0.06246787 0.07878324 0.03918468 0.06231837 0.16298352
 0.02674556 0.06489047 0.06698067 0.03873037 0.03425865 0.01048787
 0.02033634 0.02204255 0.05930235 0.12517998 0.0129242  0.0483861
 0.10711492 0.03237792 0.01023821 0.01294929 0.1168882  0.05807304
 0.03037124 0.03322728 0.01941771 0.04000267 0.02256591 0.02406044
 0.01008377 0.03354999 0.01187588 0.01012808 0.04837001 0.03863652
 0.01975217 0.02839797]"
6,NC(CCCCn1cccc2nc(NCCCC(N)C(=O)O)nc1-2)C(=O)O,"[ 50.   51.   52.   53.   54.   55.   55.8  56.   56.8  57.   57.8  58.8
  59.8  61.   61.8  62.   62.8  63.   63.8  64.   64.8  65.   65.8  66.
  67.   68.   68.8  69.   71.   71.8  72.8  74.   75.   76.   77.   77.8
  78.   78.8  79.   79.8  80.   80.8  81.   81.8  82.   82.8  83.   83.8
  84.   84.8  87.   88.   89.   90.   91.   92.   92.8  95.   96.8  98.
  98.8 102.  103.  104.  105.  106.  106.8 107.  108.8 110.8 113.  114.
 115.  116.  117.  118.  127.  128.  132.8 139.  142.8 151.  152.  157.
 158.8 162.  164.  165.  166.  177.  188.  189.  197.  205.  214.  222.
 236.  298. ]","[0.18790261 0.2712383  0.05608798 0.12459961 0.03565568 0.14080669
 0.01290404 0.0173697  0.07459141 0.01090451 0.20041345 0.04457787
 0.05269226 0.05260634 0.04148124 0.18234728 0.09164729 0.36316457
 0.0948251  0.17582107 0.0657811  0.58228689 0.03351131 0.24325563
 0.15929718 0.09581823 0.13438247 0.0182469  0.03596323 0.01517009
 0.04924537 0.15951346 0.26954103 0.09623478 0.27468503 0.02163923
 0.14385106 0.17467694 0.17170285 0.01692895 0.12969458 0.09292483
 0.06292011 0.01930916 0.06347523 0.03708506 0.08717861 0.01181579
 0.01544617 0.02935918 0.0229007  0.03639916 0.4080202  0.21120229
 0.13820812 0.04478908 0.02336874 0.10450242 0.0247848  0.01386411
 0.06412568 0.06148107 0.02669286 0.03189667 0.26464662 0.01562635
 0.01045387 0.04627437 0.02841857 0.01656513 0.02103512 0.02070256
 0.12969273 0.03056692 0.03673866 0.0205894  0.03720727 0.03355846
 0.02074655 0.05144483 0.02494395 0.01818881 0.04485845 0.03145993
 0.02007552 0.01937407 0.01065603 0.04735683 0.01616336 0.01811108
 0.01393497 0.01486922 0.01426342 0.01166819 0.01858136 0.01163382
 0.02044214 0.0104213 ]"
7,CC(=O)NCCCCNCCCN,"[ 52.  56.  57.  58.  62.  65.  69.  70.  72.  74.  79.  81.  82.  83.
  84.  86.  89.  98. 100. 101. 102. 107. 109. 111. 112. 114. 115. 118.
 126. 128. 129. 133. 136. 140. 151. 154. 168. 170. 171. 189. 197. 201.
 207. 208.]","[0.01621532 0.01431441 0.01466588 0.25657767 0.01027529 0.02372341
 0.01389384 0.01199129 0.04274967 0.09654673 0.01095332 0.01174108
 0.04634007 0.02268168 0.08510827 0.0547149  0.01391246 0.04511397
 0.56081879 0.01931807 0.02787631 0.01468346 0.01001459 0.01081458
 0.12547413 0.01503133 0.01959807 0.01841126 0.03388584 0.05023462
 0.17631055 0.01347694 0.02268681 0.01295074 0.01638057 0.03294564
 0.02444527 0.01109812 0.15086181 0.01127603 0.0133292  0.01891975
 0.01567818 0.01178429]"
8,CC(=O)NCCCCNCCCN,[ 72.  74.  84.  89. 100. 102. 111. 112. 129. 154. 171. 183. 197. 230.],"[0.01436285 0.0234979  0.02704082 0.01109275 0.41789326 0.01296365
 0.015398   0.1418115  0.45348549 0.01014117 0.3188619  0.01295346
 0.01309468 0.01455213]"
9,CC(=O)NCCCCNCCCN,"[ 53.   55.   56.   57.   58.   65.   67.   68.   69.   70.   71.8  72.
  74.   79.   81.   82.   83.   84.   86.   95.   98.  100.  101.  102.
 107.  112.  126.  129.  154.  168. ]","[0.0400157  0.21127823 0.1372162  0.04124296 0.55182385 0.01383616
 0.0590776  0.01178224 0.10580852 0.03256014 0.02378755 0.16180551
 0.10844111 0.03631881 0.0414999  0.03566844 0.04304436 0.31718606
 0.03927748 0.02362214 0.03753706 0.3264057  0.01435856 0.01001077
 0.01082479 0.14281224 0.01507585 0.01115996 0.01299781 0.01839297]"
10,CC(=O)NCCCCNCCCN,"[ 51.   53.   54.   55.   56.   57.   58.   59.8  62.8  65.   67.   68.
  69.   70.   71.8  72.   74.   77.   79.   80.   81.   82.   83.   84.
  85.   86.   94.   95.   98.  100.  105.  112. ]","[0.01550595 0.10997248 0.05293733 0.4139199  0.50299126 0.06833784
 0.52469361 0.01853308 0.021111   0.04569812 0.12426001 0.12371008
 0.15998231 0.08168959 0.02261392 0.06074995 0.06486601 0.0522158
 0.06701812 0.02484418 0.03252959 0.06472931 0.02703198 0.17370494
 0.01027094 0.03069636 0.01107163 0.03991135 0.02919721 0.01402097
 0.05814622 0.01131198]"
11,CC(=O)NCCCCNCCCN,"[ 50.   51.   53.   54.   55.   56.   57.   58.   59.8  62.8  65.   66.
  67.   68.   69.   70.   71.   71.8  72.   74.   77.   78.   79.   80.
  81.   82.   82.8  83.   84.   85.   86.   91.   94.   95.   96.   98.
 103.  105.  168.  176. ]","[0.03628185 0.07447159 0.1255402  0.07956093 0.33027637 0.41496947
 0.04345779 0.40261796 0.01456611 0.03272666 0.08324592 0.02848594
 0.12264054 0.18319002 0.17421599 0.13556914 0.01101531 0.01556874
 0.04717841 0.06643641 0.18485472 0.0184288  0.10777836 0.04272642
 0.03462036 0.07494661 0.01079174 0.02844142 0.08127902 0.01649304
 0.03005564 0.03246225 0.02092646 0.09536371 0.01388468 0.03025851
 0.02585833 0.21017776 0.01322508 0.01019119]"
12,CC(=O)NCCCCNCCCN,"[ 50.   51.   53.   54.   55.   56.   58.   59.8  61.   62.   62.8  63.
  65.   66.   67.   68.   69.   70.   71.8  72.   74.   75.   76.   77.
  78.   79.   80.   82.   82.8  83.   84.   85.   86.   87.   89.   91.
  95.   98.  102.  103.  104.  105.  106.  115.  127.  128.  135.  152.
 155.  165.  239.  283. ]","[0.12874141 0.21217403 0.06949032 0.02662967 0.04725037 0.12888619
 0.14288574 0.01146988 0.01532329 0.02808286 0.03909286 0.08222724
 0.22864836 0.03959063 0.04283466 0.05838105 0.02298923 0.06836851
 0.02812763 0.04857521 0.106891   0.01954781 0.02054548 0.36324659
 0.10747078 0.13413648 0.01275318 0.01781511 0.01386375 0.01103897
 0.01484681 0.01416766 0.01952763 0.01265524 0.0660101  0.16104674
 0.17340697 0.02010514 0.01623093 0.09039568 0.03853876 0.49713796
 0.02822564 0.05898433 0.01120286 0.01591835 0.01478718 0.01407842
 0.01069973 0.01681006 0.01509603 0.01006942]"
13,CC(=O)NCCCCNCCCN,"[ 50.   51.   53.   55.   56.   56.8  57.8  58.   61.   62.   62.8  63.
  64.   65.   66.   67.   68.   70.   71.8  74.   75.   76.   77.   78.
  78.8  79.   83.   85.   87.   89.   90.   91.   95.   98.   98.8 102.
 103.  104.  105.  106.  115.  126.  127.  128.  139.  151.  152.  163.
 164.  165.  169.  177. ]","[0.10948036 0.1528054  0.03124622 0.01167017 0.03707584 0.01172786
 0.01554345 0.0369784  0.03823995 0.08320008 0.04304995 0.1691201
 0.02955067 0.25248444 0.03774652 0.03261632 0.02098373 0.01790288
 0.0248058  0.09734596 0.046472   0.03910515 0.27661371 0.10855516
 0.0441874  0.0817154  0.0114463  0.02064751 0.03910439 0.17273302
 0.02903672 0.09906285 0.10859171 0.02282917 0.0164823  0.05412661
 0.05073131 0.02224227 0.40502936 0.0207344  0.10441689 0.01534977
 0.0143961  0.01200236 0.0239567  0.02409418 0.01886831 0.02461794
 0.02273661 0.03506636 0.01533662 0.01075787]"
14,CC(=O)NCCCCNCCCN,"[ 50.   51.   53.   55.   56.   56.8  57.8  58.   58.8  59.8  61.   62.
  62.8  63.   63.8  64.   64.8  65.   66.   67.   68.   68.8  70.   71.
  71.8  72.8  74.   75.   76.   77.   78.   78.8  79.   80.8  83.   85.
  87.   88.   89.   90.   91.   95.   98.   98.8 102.  103.  104.  105.
 106.  115.  126.  127.  139.  151.  152.  163.  164.  165.  177. ]","[0.11030275 0.14644668 0.02303418 0.01110536 0.01863874 0.02247735
 0.03465514 0.02162054 0.01100255 0.01375868 0.04363605 0.10690213
 0.06499045 0.21575436 0.02145579 0.0467668  0.01411371 0.30393794
 0.05212414 0.03471521 0.01391921 0.01593564 0.01152025 0.01503657
 0.01762651 0.01395222 0.10001776 0.06752442 0.04909143 0.23956965
 0.10200889 0.07350754 0.06813327 0.0197745  0.02532197 0.01449858
 0.03532358 0.01221579 0.23020063 0.04995346 0.07168775 0.08400965
 0.03117592 0.02619657 0.05535052 0.02140802 0.01603554 0.34478423
 0.02307364 0.08370694 0.01331758 0.01141345 0.02202856 0.01998866
 0.01985293 0.02154907 0.01972688 0.02537063 0.01105997]"
15,CC(=O)NCCCCNCCCN,"[ 50.   51.   53.   55.   56.8  57.8  58.8  59.8  61.   61.8  62.   62.8
  63.   63.8  64.   64.8  65.   66.   67.   68.   68.8  71.   71.8  72.8
  74.   75.   76.   77.   77.8  78.   78.8  79.   80.   80.8  81.   82.
  82.8  83.   87.   88.   89.   90.   91.   95.   98.   98.8 102.  104.
 105.  106.  115.  127.  139.  151.  152.  163.  164.  165.  177.  283. ]","[0.12698808 0.17342775 0.03244442 0.02741927 0.03951527 0.06843016
 0.02368955 0.02271259 0.0522836  0.01064176 0.13388282 0.0827176
 0.26778892 0.05523881 0.07345013 0.03820964 0.38962603 0.08688522
 0.04694661 0.03878937 0.06150786 0.01703225 0.01170109 0.02319126
 0.1105768  0.11355602 0.05083532 0.227523   0.01190865 0.10373381
 0.10900693 0.08664092 0.01947935 0.04784962 0.01093914 0.01609004
 0.0114977  0.06040671 0.02773012 0.0191713  0.30886731 0.08937368
 0.0704788  0.08260928 0.02801608 0.04722511 0.05073582 0.01668006
 0.29019061 0.03286104 0.08364478 0.0131998  0.0260888  0.01285232
 0.01915884 0.0109498  0.01260176 0.02580603 0.01242181 0.01074328]"
16,CC(=O)NCCCCNCCCN,"[ 50.   51.   53.   54.   55.   55.8  56.8  57.8  58.8  59.8  61.   61.8
  62.   62.8  63.   63.8  64.   64.8  65.   66.   67.   68.   68.8  71.
  71.8  72.8  74.   75.   76.   77.   77.8  78.   78.8  79.   80.   80.8
  81.   82.   82.8  83.   84.   87.   88.   89.   90.   91.   92.8  95.
  98.   98.8 102.  103.  104.  105.  106.  107.  115.  127.  128.  132.8
 139.  142.8 151.  152.  164.  165.  177.  188.  189. ]","[0.15180254 0.21812794 0.05714251 0.01008517 0.05304604 0.01011519
 0.04936677 0.08487365 0.027539   0.0286031  0.05553093 0.02213873
 0.15314473 0.09344429 0.3048721  0.07590199 0.0921588  0.05125727
 0.47065854 0.11602941 0.07105207 0.06249557 0.10164261 0.01882371
 0.01114538 0.03103064 0.12758735 0.16485846 0.05822373 0.25960195
 0.01624713 0.11963937 0.13523458 0.12199171 0.04371317 0.06508682
 0.0209395  0.02663679 0.01733751 0.08243735 0.01005976 0.02308228
 0.02478537 0.36673999 0.12203078 0.08727136 0.01534244 0.10295909
 0.01885112 0.05881713 0.05840264 0.01024875 0.01552488 0.28457642
 0.03606784 0.02051588 0.10450616 0.02066245 0.01817686 0.01233284
 0.03672668 0.01035099 0.01483513 0.03010603 0.01077972 0.03335681
 0.0145962  0.01113369 0.01551396]"
17,CC(=O)NCCCCNCCCN,"[ 50.   51.   52.   53.   54.   55.   55.8  56.8  57.   57.8  58.8  59.8
  61.   61.8  62.   62.8  63.   63.8  64.   64.8  65.   66.   67.   68.
  68.8  71.   71.8  72.8  74.   75.   76.   77.   77.8  78.   78.8  79.
  79.8  80.   80.8  81.   81.8  82.   82.8  83.   84.   84.8  87.   88.
  89.   90.   91.   92.8  95.   98.   98.8 102.  103.  104.  105.  106.
 107.  108.8 113.  114.  115.  116.  117.  126.  127.  128.  129.  132.8
 139.  142.8 151.  152.  158.8 162.  164.  165.  177.  188.  189.  214. ]","[0.16950776 0.25100523 0.01284226 0.08023442 0.01471465 0.07615278
 0.01154324 0.05579939 0.01179001 0.10533763 0.02892999 0.03650392
 0.0581975  0.03081717 0.16778885 0.10214115 0.33213609 0.08795443
 0.10430319 0.05889079 0.53294164 0.1435758  0.09629601 0.07693873
 0.12716432 0.02297888 0.0122771  0.03904493 0.1382633  0.20099434
 0.06803332 0.28783718 0.02046031 0.13846226 0.15663303 0.15389091
 0.01300216 0.06561672 0.07756258 0.03281013 0.01074735 0.03745008
 0.02255248 0.09903184 0.01492541 0.01409302 0.0225214  0.02973412
 0.40825477 0.1478561  0.10847121 0.01882972 0.12156548 0.01449112
 0.06773449 0.07027995 0.01897549 0.01763122 0.29227105 0.04205587
 0.03755489 0.01760964 0.01208153 0.01352153 0.13254414 0.01641118
 0.0224246  0.01132584 0.02900917 0.03031624 0.01197301 0.01587317
 0.04681781 0.0137196  0.01504476 0.04059819 0.01127741 0.01386993
 0.01182136 0.04214686 0.01633257 0.01393007 0.02064464 0.01178994]"
18,CC(=O)NCCCCNCCCN,"[ 50.   51.   52.   53.   54.   55.   55.8  56.8  57.   57.8  58.8  59.8
  61.   61.8  62.   62.8  63.   63.8  64.   64.8  65.   65.8  66.   67.
  68.   68.8  71.   71.8  72.8  74.   75.   76.   77.   77.8  78.   78.8
  79.   79.8  80.   80.8  81.   81.8  82.   82.8  83.   84.   84.8  87.
  88.   89.   90.   91.   92.   92.8  95.   96.8  98.   98.8 102.  103.
 104.  105.  106.  107.  108.  108.8 110.8 113.  114.  115.  116.  117.
 118.  126.  127.  128.  129.  132.8 139.  142.8 151.  152.  157.  158.8
 162.  164.  165.  166.  177.  188.  189.  190.  214.  219.  236. ]","[0.19047321 0.29162908 0.02248    0.10686105 0.01975807 0.10464781
 0.01328001 0.06357439 0.02444483 0.13026132 0.0327026  0.0494293
 0.06224371 0.04008773 0.18549782 0.11012577 0.36497146 0.10668397
 0.119666   0.07024357 0.60107011 0.01173568 0.1729286  0.12023976
 0.08925854 0.15065359 0.02899391 0.01528555 0.04903658 0.15036629
 0.24135303 0.08000344 0.32642865 0.02634787 0.1644156  0.18226467
 0.18624106 0.01723459 0.08852486 0.09092736 0.04532298 0.01399993
 0.04899476 0.02860411 0.11514308 0.01961418 0.02139015 0.02312979
 0.035737   0.45370677 0.17927881 0.13771558 0.01308562 0.02335504
 0.14634323 0.01372301 0.01192401 0.07523397 0.08524025 0.03098004
 0.02169433 0.31417111 0.0505439  0.05814718 0.0128618  0.02744761
 0.01319551 0.02102706 0.02205668 0.17073423 0.02785732 0.04082958
 0.01707696 0.01451679 0.04022739 0.04364131 0.01879198 0.01962838
 0.06020508 0.01815658 0.01564118 0.05382295 0.01402204 0.01495266
 0.01700731 0.01354795 0.0525175  0.01551628 0.01918725 0.01643572
 0.02738431 0.01021819 0.01784429 0.01112534 0.011286  ]"
19,CC(=O)NCCCCNCCCN,"[ 50.   51.   52.   53.   54.   55.   55.8  56.   56.8  57.   57.8  58.8
  59.8  61.   61.8  62.   62.8  63.   63.8  64.   64.8  65.   65.8  66.
  67.   68.   68.8  69.   70.   71.   71.8  72.8  74.   75.   76.   77.
  77.8  78.   78.8  79.   79.8  80.   80.8  81.   81.8  82.   82.8  83.
  84.   84.8  87.   88.   89.   90.   91.   91.8  92.   92.8  93.   95.
  96.8  98.8 102.  103.  104.  105.  106.  107.  108.  108.8 109.8 110.8
 113.  114.  115.  116.  117.  118.  126.  127.  128.  129.  132.8 139.
 141.  142.  142.8 151.  152.  155.  157.  158.8 162.  164.  165.  166.
 177.  188.  189.  190.  197.  205.  214.  219.  222.  236. ]","[0.21808751 0.34409666 0.03622689 0.13428819 0.02455528 0.13163799
 0.01515859 0.01303561 0.07341836 0.0381234  0.16134587 0.03951073
 0.0651691  0.06899469 0.0506462  0.20663241 0.1195937  0.40542564
 0.12670814 0.13917854 0.08365466 0.67696452 0.02055057 0.20376699
 0.14096355 0.10010922 0.17657194 0.01233806 0.01364077 0.03592893
 0.01906496 0.06128106 0.16825207 0.28733948 0.09714438 0.37822437
 0.03248695 0.19868447 0.21484998 0.21919319 0.02243335 0.11302331
 0.10482071 0.05720077 0.01929524 0.06443884 0.0355329  0.13374372
 0.02404418 0.03213643 0.02513408 0.04273357 0.5100233  0.21935157
 0.17690596 0.01000452 0.02070521 0.02895126 0.01299069 0.17797059
 0.01831657 0.0841141  0.10372286 0.04949328 0.02872339 0.35314173
 0.06319765 0.08163723 0.02209073 0.04044233 0.01380898 0.02007843
 0.03256673 0.03268925 0.21573205 0.04416294 0.06316102 0.02938152
 0.01800418 0.05589791 0.06082679 0.0283557  0.02337997 0.07778712
 0.01217037 0.0140911  0.02258184 0.01775699 0.0693674  0.0163253
 0.02759286 0.01862429 0.01848717 0.01550856 0.0643275  0.02422201
 0.02169361 0.01840588 0.03409852 0.01205923 0.01098231 0.01243189
 0.02455283 0.01821914 0.01064848 0.01364053]"
20,CC(=O)NCCCCNCCCN,"[ 50.   51.   52.   53.   54.   55.   55.8  56.   56.8  57.   57.8  58.8
  59.8  61.   61.8  62.   62.8  63.   63.8  64.   64.8  65.   65.8  66.
  67.   68.   68.8  69.   70.   70.8  71.   71.8  72.8  74.   75.   76.
  77.   77.8  78.   78.8  79.   79.8  80.   80.8  81.   81.8  82.   82.8
  83.   83.8  84.   84.8  86.8  87.   88.   89.   90.   91.   92.   92.8
  93.   93.8  95.   96.8  98.8 102.  103.  104.  105.  106.  107.  108.
 108.8 109.8 110.8 113.  114.  115.  116.  117.  118.  122.  126.  126.8
 127.  128.  129.  130.  132.  132.8 134.  139.  140.  141.  142.  142.8
 151.  152.  155.  157.  158.8 162.  164.  165.  166.  177.  183.  188.
 189.  190.  197.  205.  214.  219.  222.  236. ]","[0.24892177 0.40451825 0.05128236 0.16369019 0.03114313 0.16002563
 0.01721627 0.01886551 0.08643021 0.05102906 0.20110764 0.04781019
 0.0833035  0.0773721  0.06254488 0.23138005 0.12691928 0.45094806
 0.14948221 0.16064754 0.09665657 0.75688392 0.03398123 0.23493603
 0.15904835 0.11062462 0.20324367 0.01420421 0.01685094 0.01667812
 0.0438898  0.02291829 0.07732742 0.1905234  0.33890894 0.11499491
 0.43978634 0.03822545 0.24127331 0.25259739 0.25202885 0.02817542
 0.14133593 0.12395066 0.06899603 0.02717838 0.08371605 0.04382174
 0.15480779 0.01050384 0.02784368 0.04467217 0.01230462 0.02592838
 0.04873208 0.57147849 0.26512936 0.22121933 0.03075914 0.03393507
 0.02781377 0.01143308 0.21695988 0.02572018 0.09364197 0.12230398
 0.07161532 0.03710439 0.40711185 0.08114114 0.10793627 0.03118107
 0.05438103 0.01926575 0.02737664 0.04497538 0.04298776 0.26466694
 0.06812244 0.09671382 0.04320245 0.01648213 0.02305227 0.01468841
 0.073998   0.08107061 0.04206653 0.01822674 0.02159709 0.0273594
 0.0142559  0.09845337 0.01150366 0.02358243 0.02744081 0.02707913
 0.02215409 0.08587764 0.02777245 0.04294898 0.02198313 0.01779856
 0.01775029 0.07986813 0.03411804 0.02400743 0.01066626 0.01969235
 0.0402338  0.01293575 0.01443874 0.01569235 0.02979237 0.0255358
 0.01220425 0.01454841]"
21,CC(=O)NCCCCNCCCN,"[ 50.   51.   52.   53.   54.   55.   55.8  56.   56.8  57.   57.8  58.8
  59.8  61.   61.8  62.   62.8  63.   63.8  64.   64.8  65.   65.8  66.
  67.   68.   68.8  69.   70.   70.8  71.   71.8  72.8  73.   74.   75.
  76.   77.   77.8  78.   78.8  79.   79.8  80.   80.8  81.   81.8  82.
  82.8  83.   83.8  84.   84.8  86.8  87.   88.   89.   90.   91.   92.
  92.8  93.   93.8  94.   95.   96.   96.8  98.8 100.  102.  103.  104.
 105.  106.  107.  108.  108.8 109.8 110.8 113.  114.  115.  116.  117.
 118.  122.  125.  126.  126.8 127.  128.  129.  130.  132.  132.8 134.
 139.  140.  141.  142.  142.8 143.  150.  151.  152.  155.  157.  158.8
 162.  164.  165.  166.  177.  183.  188.  189.  190.  197.  202.  205.
 214.  219.  222.  236. ]","[0.2899732  0.49031642 0.07555041 0.20570788 0.04001675 0.19601214
 0.01980544 0.02879465 0.10364934 0.06836485 0.25330615 0.06264808
 0.10757416 0.08828357 0.07954337 0.26439512 0.1360243  0.51118213
 0.17818098 0.18663509 0.11311299 0.86172992 0.05144652 0.27577513
 0.18145001 0.12194981 0.23833065 0.01546541 0.02216973 0.02634197
 0.05386934 0.02894444 0.1003308  0.01428269 0.22222318 0.41146863
 0.14191297 0.52361882 0.04476243 0.30194938 0.3017047  0.29355654
 0.03482102 0.1807421  0.14944305 0.08441061 0.03783164 0.10817551
 0.05383576 0.18399574 0.01458918 0.03321332 0.06312213 0.01958914
 0.02854796 0.05828388 0.65797609 0.32646573 0.28020746 0.04533597
 0.03920843 0.05000945 0.01319456 0.01143321 0.271171   0.01977281
 0.03743029 0.1061453  0.01074591 0.14663614 0.10186382 0.04982742
 0.48449722 0.10462781 0.14303578 0.04466734 0.07111025 0.02762381
 0.03636942 0.06303    0.05824017 0.33241186 0.10454833 0.14628249
 0.06469885 0.02773641 0.01607328 0.03064518 0.02229134 0.09763376
 0.11070234 0.06062137 0.03468677 0.04454497 0.03185418 0.03168132
 0.12942888 0.01859564 0.04018193 0.04594168 0.03191621 0.01233416
 0.01017531 0.03193603 0.10677378 0.04304343 0.06203298 0.0252893
 0.01522055 0.0218909  0.10144493 0.04801909 0.02674706 0.01991505
 0.02176849 0.04694813 0.01229332 0.01762657 0.01819819 0.01754508
 0.03551905 0.03448872 0.01234951 0.01760081]"
22,CC(=O)NCCCCNCCCN,"[ 50.  51.  52.  53.  54.  55.  56.  57.  58.  65.  66.  67.  68.  69.
  70.  71.  72.  74.  77.  79.  80.  81.  82.  83.  84.  85.  86.  94.
  95.  96.  97.  98. 105. 110. 112. 186.]","[0.01422821 0.02468714 0.01057083 0.12723607 0.1058765  0.31814143
 0.32453117 0.05983774 0.24373682 0.06354476 0.02155771 0.15563309
 0.31462801 0.37539178 0.28735691 0.01610976 0.03056565 0.0108862
 0.0838469  0.0964826  0.09360766 0.04943569 0.12453269 0.05344608
 0.09976431 0.01752908 0.05552077 0.04712241 0.06265739 0.06249281
 0.02801677 0.10536744 0.09739728 0.01037618 0.01646313 0.01088445]"
23,CC(=O)NCCCCNCCCN,"[ 50.   51.   53.   54.   55.   56.   58.   59.8  61.   62.   62.8  63.
  65.   66.   67.   68.   69.   70.   71.8  72.   74.   75.   76.   77.
  78.   79.   80.   82.   82.8  83.   84.   84.8  85.   86.   89.   91.
  94.   95.   96.   98.  102.  103.  104.  105.  106.  108.8 115.  128.
 135.  152.  155.  165.  176.  178.  179.  239.  283. ]","[0.11754289 0.1744556  0.07238086 0.03105824 0.0571578  0.11741406
 0.15873961 0.0105688  0.0152332  0.02218628 0.02579765 0.06127122
 0.21621838 0.05527059 0.05699183 0.09171231 0.03694065 0.09464025
 0.02080102 0.06788381 0.17236559 0.02065446 0.02578592 0.31952718
 0.12177514 0.12402062 0.02641384 0.03852933 0.01375825 0.01901054
 0.01985882 0.0124452  0.02296211 0.0250833  0.05052863 0.15743119
 0.02097845 0.15043114 0.01192261 0.02545917 0.01039519 0.09429138
 0.04062074 0.46804219 0.02823612 0.01014766 0.05040783 0.01720605
 0.01106417 0.01549166 0.01400022 0.01588697 0.01201125 0.01079277
 0.01469779 0.01479248 0.01122035]"
24,CC(=O)NCCCCNCCCN,"[ 50.   51.   53.   55.   56.   58.   59.8  61.   62.   62.8  63.   64.
  65.   66.   67.   68.   70.   71.8  72.   74.   75.   76.   77.   78.
  78.8  79.   82.8  84.8  85.   86.   87.   88.   89.   90.   91.   95.
  98.   98.8 102.  103.  104.  105.  106.  114.  115.  126.  127.  128.
 135.  139.  151.  152.  155.  163.  164.  165.  169.  176.  177.  178.
 179.  189.  190.  191.  239. ]","[0.11518481 0.15526389 0.04573996 0.01757215 0.03987085 0.05727324
 0.01008076 0.04644985 0.07683294 0.02584772 0.15167992 0.02302474
 0.26584369 0.04251805 0.03736519 0.02614556 0.02498675 0.03021409
 0.017478   0.13262723 0.03829828 0.03864572 0.27191454 0.12546839
 0.02538195 0.08181733 0.01309508 0.01126657 0.03266508 0.0180715
 0.03166198 0.01401728 0.15395361 0.02005314 0.10962613 0.11223496
 0.02507547 0.01029541 0.05583416 0.07268274 0.0258311  0.40935558
 0.01754632 0.01077535 0.12973458 0.0147828  0.01980992 0.03270674
 0.01426115 0.02913706 0.02057533 0.02724695 0.01379227 0.02391889
 0.02281614 0.06270766 0.01695585 0.01202558 0.0142429  0.01034505
 0.01260353 0.01050582 0.0101442  0.01422283 0.0105646 ]"
25,CC(=O)NCCCCNCCCN,"[ 50.   51.   53.   56.   56.8  57.8  58.   59.8  61.   62.   62.8  63.
  63.8  64.   65.   66.   67.   68.8  70.   71.8  72.8  74.   75.   76.
  77.   78.   78.8  79.   80.8  82.8  83.   85.   87.   88.   89.   90.
  91.   95.   98.   98.8 102.  103.  104.  105.  106.  115.  126.  127.
 139.  151.  152.  163.  164.  165.  177.  222.8]","[0.10736625 0.12980513 0.02190618 0.01135427 0.01787972 0.02770185
 0.02406961 0.01144639 0.0516867  0.11669904 0.04972164 0.2233623
 0.01345962 0.05233875 0.31229243 0.05000616 0.03791541 0.01484223
 0.01226662 0.01668964 0.01179295 0.12257455 0.06178102 0.05113824
 0.20547611 0.09310271 0.07301042 0.05877229 0.01468238 0.01174063
 0.01838075 0.01972861 0.04325343 0.01812745 0.22782637 0.04508687
 0.06477688 0.06371905 0.03835954 0.02121626 0.05834129 0.01909123
 0.01050919 0.31314132 0.01561248 0.0991484  0.01579965 0.01331971
 0.02566768 0.01492912 0.02344757 0.02633146 0.0204788  0.03444209
 0.01017104 0.0101836 ]"
26,CC(=O)NCCCCNCCCN,"[ 50.   51.   53.   55.   56.8  57.8  58.   58.8  59.8  61.   62.   62.8
  63.   63.8  64.   64.8  65.   66.   67.   68.   68.8  71.   71.8  72.8
  74.   75.   76.   77.   77.8  78.   78.8  79.   80.   80.8  82.   82.8
  83.   85.   87.   88.   89.   90.   91.   95.   98.   98.8 102.  104.
 105.  106.  115.  127.  139.  152.  163.  164.  165.  177.  189. ]","[0.11474436 0.14156595 0.02337414 0.017913   0.03528269 0.05800395
 0.01112956 0.02072407 0.01728929 0.05711566 0.13505583 0.07379496
 0.2611835  0.03922974 0.07331061 0.0339464  0.36006349 0.07168493
 0.04098712 0.02487993 0.05282836 0.01379609 0.01046727 0.01888035
 0.12456799 0.10035699 0.05276276 0.19423492 0.01025753 0.09482772
 0.10624991 0.07225217 0.01243094 0.0417266  0.01280104 0.01284681
 0.0452424  0.01150776 0.03463897 0.02222623 0.29847521 0.07721973
 0.05788679 0.062352   0.03802297 0.04201037 0.04902549 0.01043687
 0.26992369 0.0252438  0.08597391 0.01129419 0.02542243 0.02036445
 0.01674299 0.01337164 0.02483404 0.01052528 0.01108419]"
27,CC(=O)NCCCCNCCCN,"[ 50.   51.   53.   55.   56.8  57.8  58.8  59.8  61.   61.8  62.   62.8
  63.   63.8  64.   64.8  65.   66.   67.   68.   68.8  71.   72.8  74.
  75.   76.   77.   77.8  78.   78.8  79.   80.   80.8  81.   82.   82.8
  83.   87.   88.   89.   90.   91.   92.8  95.   98.   98.8 102.  104.
 105.  106.  107.  115.  127.  128.  139.  151.  152.  163.  164.  165.
 177.  188.  189. ]","[0.13508579 0.18079555 0.03730257 0.03358662 0.04498925 0.07727455
 0.02520915 0.02199098 0.05816403 0.01564055 0.15222333 0.08480663
 0.29478088 0.0617667  0.09044196 0.04727652 0.42558137 0.09187073
 0.05154873 0.04823669 0.08997075 0.01513191 0.02513782 0.13012218
 0.14058898 0.0534699  0.2217367  0.01290391 0.10604522 0.12904605
 0.09713437 0.02790246 0.05808442 0.01573224 0.02181619 0.01485861
 0.06776047 0.03026708 0.02575819 0.34807301 0.10634389 0.07013837
 0.01447112 0.08003823 0.02831217 0.05393758 0.05145938 0.01023828
 0.262198   0.02969146 0.01156559 0.09520636 0.01666358 0.01330086
 0.03272475 0.01163655 0.02678973 0.01189689 0.011207   0.02990465
 0.01264673 0.01036283 0.01394321]"
28,CC(=O)NCCCCNCCCN,"[ 50.   51.   53.   55.   55.8  56.8  57.8  58.8  59.8  61.   61.8  62.
  62.8  63.   63.8  64.   64.8  65.   65.8  66.   67.   68.   68.8  71.
  71.8  72.8  74.   75.   76.   77.   77.8  78.   78.8  79.   79.8  80.
  80.8  81.   81.8  82.   82.8  83.   84.   84.8  87.   88.   89.   90.
  91.   91.8  92.8  95.   98.   98.8 102.  103.  104.  105.  106.  107.
 108.8 114.  115.  116.  117.  127.  128.  132.8 139.  142.8 151.  152.
 162.  163.  164.  165.  177.  188.  189. ]","[0.15397426 0.21706001 0.06021466 0.05331078 0.01056652 0.05178972
 0.0916367  0.02754677 0.02773651 0.05980963 0.02493135 0.16505684
 0.09439    0.32170537 0.07644159 0.10322166 0.05600323 0.48769224
 0.0111798  0.11686533 0.07289533 0.06359915 0.12153199 0.01955083
 0.01045759 0.03156006 0.13762811 0.17720647 0.06192349 0.25660217
 0.01668676 0.12659135 0.1491998  0.12892133 0.0106952  0.04920986
 0.07046586 0.02380254 0.01128298 0.02878605 0.01998151 0.0839889
 0.01215086 0.01215296 0.02702725 0.0303152  0.39586735 0.13455886
 0.090771   0.01021372 0.01826059 0.10188416 0.01979699 0.06277062
 0.06204088 0.01396525 0.01197281 0.27591297 0.03456914 0.02679245
 0.01401385 0.01302331 0.12051683 0.01253172 0.01448948 0.02445242
 0.02430211 0.0136059  0.04188066 0.0123034  0.01348928 0.03576036
 0.01163498 0.01099212 0.01184971 0.03708486 0.01474576 0.01244438
 0.01866316]"
29,CC(=O)NCCCCNCCCN,"[ 50.   51.   52.   53.   54.   55.   55.8  56.8  57.   57.8  58.8  59.8
  61.   61.8  62.   62.8  63.   63.8  64.   64.8  65.   65.8  66.   67.
  68.   68.8  71.   71.8  72.8  74.   75.   76.   77.   77.8  78.   78.8
  79.   79.8  80.   80.8  81.   81.8  82.   82.8  83.   84.   84.8  87.
  88.   89.   90.   91.   91.8  92.8  95.   96.8  98.   98.8 102.  103.
 104.  105.  106.  107.  108.8 110.8 113.  114.  115.  116.  117.  126.
 127.  128.  129.  132.8 139.  142.8 151.  152.  158.8 162.  163.  164.
 165.  166.  177.  188.  189.  190.  214.  236. ]","[0.17281412 0.25272393 0.01451749 0.08431692 0.01409141 0.07810827
 0.01204564 0.05838292 0.01416866 0.11324371 0.02987974 0.0340436
 0.06167808 0.033468   0.17817485 0.10198237 0.34843042 0.09116203
 0.11574311 0.06414068 0.54883516 0.01307367 0.14631134 0.09752601
 0.07747804 0.14320174 0.02498493 0.01255919 0.03934121 0.14607325
 0.21292436 0.07274216 0.28901637 0.02111655 0.14712657 0.16966416
 0.15917897 0.01419049 0.07001665 0.08237414 0.03509813 0.01359262
 0.03841054 0.02507984 0.098714   0.01655476 0.01750258 0.02755454
 0.03441625 0.43133914 0.15943971 0.11465415 0.01006194 0.02134627
 0.12267294 0.01108278 0.01618317 0.07013241 0.07335734 0.02344704
 0.01504339 0.28892061 0.04129436 0.04584105 0.02177234 0.01001825
 0.01390714 0.01922689 0.148524   0.02165926 0.03018309 0.01186367
 0.03333205 0.03620662 0.01421517 0.01684566 0.05176165 0.01559417
 0.01431104 0.04643851 0.01210808 0.01527601 0.01106939 0.01355226
 0.04637438 0.01058014 0.01701575 0.01501503 0.02325872 0.01021161
 0.01288617 0.01033181]"
30,CC(=O)NCCCCNCCCN,"[ 50.   51.   52.   53.   54.   55.   55.8  56.8  57.   57.8  58.8  59.8
  61.   61.8  62.   62.8  63.   63.8  64.   64.8  65.   65.8  66.   67.
  68.   68.8  69.   70.   71.   71.8  72.8  74.   75.   76.   77.   77.8
  78.   78.8  79.   79.8  80.   80.8  81.   81.8  82.   82.8  83.   84.
  84.8  87.   88.   89.   90.   91.   91.8  92.   92.8  95.   96.8  98.
  98.8 102.  103.  104.  105.  106.  107.  108.  108.8 109.8 110.8 113.
 114.  115.  116.  117.  118.  126.  127.  128.  129.  132.8 139.  142.8
 151.  152.  157.  158.8 162.  163.  164.  165.  166.  177.  188.  189.
 190.  205.  214.  219.  222.  236. ]","[0.19956951 0.3044602  0.02699858 0.11439789 0.01933128 0.10810658
 0.01406418 0.06823149 0.0291191  0.14239907 0.03550386 0.04783965
 0.06776398 0.04393637 0.19794966 0.11136216 0.38690454 0.1130682
 0.13315578 0.07796481 0.63061291 0.02105814 0.18068185 0.12384997
 0.08885075 0.1682616  0.01031955 0.01065437 0.03168057 0.01679173
 0.05129138 0.16195534 0.25999454 0.08781477 0.33972943 0.02817577
 0.178945   0.19940624 0.19572732 0.01914521 0.09532915 0.09671301
 0.04926949 0.01820861 0.05150127 0.03225698 0.11738439 0.02169753
 0.0270845  0.0283736  0.0403474  0.48412135 0.19717342 0.15191215
 0.01020085 0.01322721 0.02660696 0.15367737 0.01545382 0.0126626
 0.07883646 0.09197241 0.03894433 0.02111687 0.32305694 0.05086442
 0.06980382 0.01908885 0.03439338 0.01202651 0.01735811 0.02454835
 0.02904908 0.19068027 0.03562128 0.05174876 0.02183544 0.01551001
 0.04666033 0.05163219 0.02214506 0.02115901 0.06810193 0.02033603
 0.01578425 0.06197266 0.01941643 0.01608833 0.01788315 0.01115022
 0.01570606 0.05883849 0.01879312 0.01973608 0.01772904 0.03082064
 0.01243821 0.01121504 0.02010649 0.01465458 0.01025606 0.01298451]"
31,CCCCCC(=O)OCC(CSP(=O)(O)OC1C(O)C(O)C(OP(=O)(O)O)C(OP(=O)(O)O)C1O)OC(=O)CCCCC,"[ 50.   51.   52.   53.   54.   55.   56.8  57.   57.8  58.8  59.8  61.
  62.   62.8  63.   63.8  64.   64.8  65.   66.   67.   68.   68.8  70.8
  72.8  74.   75.   76.   77.   78.   78.8  79.   79.8  80.   80.8  81.
  81.8  82.   82.8  83.   83.8  84.8  87.   88.   89.   90.   91.   92.8
  94.8  95.   96.8  98.   98.8 102.  105.  107.  108.8 114.  115.  127.
 139.  152.  162.  165.  177. ]","[0.13636059 0.21342383 0.01254569 0.0727545  0.01016886 0.02909578
 0.08347153 0.01419016 0.12535118 0.08998921 0.04115435 0.06952623
 0.14474861 0.11432563 0.27548411 0.03557891 0.05082699 0.06208149
 0.38724813 0.14556123 0.03697153 0.03248129 0.09898073 0.01226796
 0.04397354 0.11774132 0.10554027 0.03244531 0.17600062 0.06545605
 0.20321929 0.09876235 0.01310629 0.04082924 0.12851153 0.01136549
 0.01993521 0.02902225 0.05484059 0.02193457 0.01330041 0.02994346
 0.01495403 0.01304995 0.22872783 0.03332143 0.04231149 0.01225086
 0.01147171 0.05991875 0.02103089 0.02752567 0.11467366 0.02493788
 0.1560117  0.0176721  0.0116492  0.01305932 0.04233381 0.01070718
 0.01088025 0.01664169 0.01034159 0.01459901 0.01277881]"
